date,district_id,daily_deaths
2020-03-02,293,1
2020-03-02,299,1
2020-03-09,277,3
2020-03-09,278,1
2020-03-09,279,5
2020-03-09,280,2
2020-03-09,281,2
2020-03-09,282,2
2020-03-09,283,1
2020-03-09,284,3
2020-03-09,285,2
2020-03-09,286,2
2020-03-09,287,1
2020-03-09,288,1
2020-03-09,290,5
2020-03-09,293,1
2020-03-09,295,1
2020-03-09,297,1
2020-03-09,299,3
2020-03-09,300,3
2020-03-09,301,1
2020-03-09,303,3
2020-03-09,304,1
2020-03-09,305,1
2020-03-09,306,1
2020-03-09,307,3
2020-03-09,308,1
2020-03-16,277,4
2020-03-16,278,13
2020-03-16,279,6
2020-03-16,280,24
2020-03-16,281,9
2020-03-16,282,4
2020-03-16,283,17
2020-03-16,284,11
2020-03-16,285,8
2020-03-16,286,8
2020-03-16,287,5
2020-03-16,288,4
2020-03-16,289,7
2020-03-16,290,14
2020-03-16,291,6
2020-03-16,292,8
2020-03-16,293,11
2020-03-16,294,6
2020-03-16,295,3
2020-03-16,296,3
2020-03-16,297,18
2020-03-16,298,7
2020-03-16,299,7
2020-03-16,300,12
2020-03-16,301,5
2020-03-16,302,6
2020-03-16,303,12
2020-03-16,304,3
2020-03-16,305,2
2020-03-16,306,7
2020-03-16,307,16
2020-03-16,308,10
2020-03-23,277,15
2020-03-23,278,63
2020-03-23,279,13
2020-03-23,280,50
2020-03-23,281,29
2020-03-23,282,14
2020-03-23,283,55
2020-03-23,284,35
2020-03-23,285,24
2020-03-23,286,25
2020-03-23,287,29
2020-03-23,288,16
2020-03-23,289,27
2020-03-23,290,53
2020-03-23,291,18
2020-03-23,292,38
2020-03-23,293,27
2020-03-23,294,14
2020-03-23,295,15
2020-03-23,296,9
2020-03-23,297,38
2020-03-23,298,25
2020-03-23,299,16
2020-03-23,300,32
2020-03-23,301,37
2020-03-23,302,8
2020-03-23,303,25
2020-03-23,304,16
2020-03-23,305,20
2020-03-23,306,24
2020-03-23,307,33
2020-03-23,308,24
2020-03-30,277,23
2020-03-30,278,68
2020-03-30,279,36
2020-03-30,280,101
2020-03-30,281,44
2020-03-30,282,41
2020-03-30,283,71
2020-03-30,284,53
2020-03-30,285,54
2020-03-30,286,40
2020-03-30,287,34
2020-03-30,288,28
2020-03-30,289,63
2020-03-30,290,62
2020-03-30,291,45
2020-03-30,292,46
2020-03-30,293,38
2020-03-30,294,33
2020-03-30,295,19
2020-03-30,296,14
2020-03-30,297,49
2020-03-30,298,63
2020-03-30,299,40
2020-03-30,300,46
2020-03-30,301,46
2020-03-30,302,24
2020-03-30,303,35
2020-03-30,304,23
2020-03-30,305,28
2020-03-30,306,47
2020-03-30,307,32
2020-03-30,308,28
2020-04-06,277,23
2020-04-06,278,79
2020-04-06,279,30
2020-04-06,280,83
2020-04-06,281,35
2020-04-06,282,35
2020-04-06,283,74
2020-04-06,284,57
2020-04-06,285,53
2020-04-06,286,37
2020-04-06,287,43
2020-04-06,288,17
2020-04-06,289,31
2020-04-06,290,62
2020-04-06,291,45
2020-04-06,292,50
2020-04-06,293,40
2020-04-06,294,23
2020-04-06,295,22
2020-04-06,296,20
2020-04-06,297,56
2020-04-06,298,49
2020-04-06,299,37
2020-04-06,300,51
2020-04-06,301,54
2020-04-06,302,26
2020-04-06,303,39
2020-04-06,304,27
2020-04-06,305,38
2020-04-06,306,31
2020-04-06,307,34
2020-04-06,308,30
2020-04-13,277,13
2020-04-13,278,48
2020-04-13,279,25
2020-04-13,280,42
2020-04-13,281,37
2020-04-13,282,20
2020-04-13,283,49
2020-04-13,284,43
2020-04-13,285,39
2020-04-13,286,27
2020-04-13,287,30
2020-04-13,288,15
2020-04-13,289,26
2020-04-13,290,32
2020-04-13,291,35
2020-04-13,292,34
2020-04-13,293,23
2020-04-13,294,7
2020-04-13,295,13
2020-04-13,296,17
2020-04-13,297,27
2020-04-13,298,36
2020-04-13,299,22
2020-04-13,300,31
2020-04-13,301,36
2020-04-13,302,21
2020-04-13,303,17
2020-04-13,304,21
2020-04-13,305,13
2020-04-13,306,30
2020-04-13,307,25
2020-04-13,308,15
2020-04-20,277,14
2020-04-20,278,25
2020-04-20,279,13
2020-04-20,280,31
2020-04-20,281,25
2020-04-20,282,7
2020-04-20,283,27
2020-04-20,284,23
2020-04-20,285,29
2020-04-20,286,15
2020-04-20,287,4
2020-04-20,288,13
2020-04-20,289,11
2020-04-20,290,32
2020-04-20,291,18
2020-04-20,292,18
2020-04-20,293,18
2020-04-20,294,6
2020-04-20,295,10
2020-04-20,296,19
2020-04-20,297,33
2020-04-20,298,17
2020-04-20,299,15
2020-04-20,300,19
2020-04-20,301,20
2020-04-20,302,8
2020-04-20,303,18
2020-04-20,304,17
2020-04-20,305,6
2020-04-20,306,17
2020-04-20,307,8
2020-04-20,308,9
2020-04-27,277,4
2020-04-27,278,11
2020-04-27,279,12
2020-04-27,280,23
2020-04-27,281,29
2020-04-27,282,2
2020-04-27,283,24
2020-04-27,284,13
2020-04-27,285,13
2020-04-27,286,9
2020-04-27,287,7
2020-04-27,288,8
2020-04-27,289,5
2020-04-27,290,15
2020-04-27,291,14
2020-04-27,292,9
2020-04-27,293,13
2020-04-27,294,7
2020-04-27,295,7
2020-04-27,296,11
2020-04-27,297,5
2020-04-27,298,15
2020-04-27,299,6
2020-04-27,300,6
2020-04-27,301,10
2020-04-27,302,5
2020-04-27,303,6
2020-04-27,304,6
2020-04-27,305,5
2020-04-27,306,14
2020-04-27,307,11
2020-04-27,308,4
2020-05-04,277,4
2020-05-04,278,11
2020-05-04,279,9
2020-05-04,280,7
2020-05-04,281,17
2020-05-04,282,0
2020-05-04,283,16
2020-05-04,284,8
2020-05-04,285,9
2020-05-04,286,3
2020-05-04,287,6
2020-05-04,288,5
2020-05-04,289,5
2020-05-04,290,13
2020-05-04,291,14
2020-05-04,292,1
2020-05-04,293,4
2020-05-04,294,1
2020-05-04,295,1
2020-05-04,296,7
2020-05-04,297,9
2020-05-04,298,7
2020-05-04,299,7
2020-05-04,300,5
2020-05-04,301,4
2020-05-04,302,5
2020-05-04,303,4
2020-05-04,304,4
2020-05-04,305,3
2020-05-04,306,13
2020-05-04,307,6
2020-05-04,308,2
2020-05-11,277,1
2020-05-11,278,3
2020-05-11,279,7
2020-05-11,280,4
2020-05-11,281,7
2020-05-11,282,2
2020-05-11,283,12
2020-05-11,284,5
2020-05-11,285,1
2020-05-11,286,2
2020-05-11,287,3
2020-05-11,288,0
2020-05-11,289,1
2020-05-11,290,4
2020-05-11,291,5
2020-05-11,292,4
2020-05-11,293,3
2020-05-11,294,2
2020-05-11,295,1
2020-05-11,296,6
2020-05-11,297,3
2020-05-11,298,1
2020-05-11,299,2
2020-05-11,300,1
2020-05-11,301,5
2020-05-11,302,1
2020-05-11,303,3
2020-05-11,304,4
2020-05-11,305,0
2020-05-11,306,3
2020-05-11,307,2
2020-05-11,308,1
2020-05-18,277,2
2020-05-18,278,4
2020-05-18,279,8
2020-05-18,280,1
2020-05-18,281,6
2020-05-18,282,0
2020-05-18,283,5
2020-05-18,284,4
2020-05-18,285,4
2020-05-18,286,2
2020-05-18,287,4
2020-05-18,288,0
2020-05-18,289,0
2020-05-18,290,3
2020-05-18,291,5
2020-05-18,292,0
2020-05-18,293,2
2020-05-18,294,2
2020-05-18,295,0
2020-05-18,296,2
2020-05-18,297,5
2020-05-18,298,0
2020-05-18,299,0
2020-05-18,300,0
2020-05-18,301,5
2020-05-18,302,3
2020-05-18,303,2
2020-05-18,304,4
2020-05-18,305,1
2020-05-18,306,0
2020-05-18,307,3
2020-05-18,308,0
2020-05-25,277,1
2020-05-25,278,0
2020-05-25,279,6
2020-05-25,280,3
2020-05-25,281,9
2020-05-25,282,0
2020-05-25,283,4
2020-05-25,284,1
2020-05-25,285,0
2020-05-25,286,4
2020-05-25,287,0
2020-05-25,288,0
2020-05-25,289,0
2020-05-25,290,2
2020-05-25,291,1
2020-05-25,292,2
2020-05-25,293,3
2020-05-25,294,1
2020-05-25,295,0
2020-05-25,296,1
2020-05-25,297,0
2020-05-25,298,0
2020-05-25,299,3
2020-05-25,300,0
2020-05-25,301,1
2020-05-25,302,1
2020-05-25,303,0
2020-05-25,304,3
2020-05-25,305,2
2020-05-25,306,0
2020-05-25,307,0
2020-05-25,308,2
2020-06-01,277,3
2020-06-01,278,0
2020-06-01,279,2
2020-06-01,280,3
2020-06-01,281,1
2020-06-01,282,0
2020-06-01,283,2
2020-06-01,284,1
2020-06-01,285,1
2020-06-01,286,0
2020-06-01,287,0
2020-06-01,288,0
2020-06-01,289,0
2020-06-01,290,1
2020-06-01,291,0
2020-06-01,292,1
2020-06-01,293,2
2020-06-01,294,0
2020-06-01,295,0
2020-06-01,296,1
2020-06-01,297,1
2020-06-01,298,5
2020-06-01,299,2
2020-06-01,300,0
2020-06-01,301,3
2020-06-01,302,1
2020-06-01,303,0
2020-06-01,304,3
2020-06-01,305,0
2020-06-01,306,2
2020-06-01,307,1
2020-06-01,308,1
2020-06-08,277,0
2020-06-08,278,0
2020-06-08,279,2
2020-06-08,280,2
2020-06-08,281,3
2020-06-08,282,0
2020-06-08,283,1
2020-06-08,284,1
2020-06-08,285,1
2020-06-08,286,0
2020-06-08,287,0
2020-06-08,288,1
2020-06-08,289,0
2020-06-08,290,1
2020-06-08,291,0
2020-06-08,292,2
2020-06-08,293,1
2020-06-08,294,1
2020-06-08,295,0
2020-06-08,296,0
2020-06-08,297,0
2020-06-08,298,1
2020-06-08,299,0
2020-06-08,300,1
2020-06-08,301,0
2020-06-08,302,0
2020-06-08,303,0
2020-06-08,304,3
2020-06-08,305,0
2020-06-08,306,1
2020-06-08,307,1
2020-06-08,308,0
2020-06-15,277,0
2020-06-15,278,0
2020-06-15,279,2
2020-06-15,280,0
2020-06-15,281,0
2020-06-15,282,0
2020-06-15,283,0
2020-06-15,284,0
2020-06-15,285,0
2020-06-15,286,0
2020-06-15,287,0
2020-06-15,288,0
2020-06-15,289,0
2020-06-15,290,0
2020-06-15,291,3
2020-06-15,292,1
2020-06-15,293,0
2020-06-15,294,1
2020-06-15,295,1
2020-06-15,296,0
2020-06-15,297,0
2020-06-15,298,0
2020-06-15,299,0
2020-06-15,300,0
2020-06-15,301,1
2020-06-15,302,0
2020-06-15,303,0
2020-06-15,304,1
2020-06-15,305,1
2020-06-15,306,0
2020-06-15,307,0
2020-06-15,308,0
2020-06-22,277,0
2020-06-22,278,0
2020-06-22,279,1
2020-06-22,280,0
2020-06-22,281,0
2020-06-22,282,0
2020-06-22,283,1
2020-06-22,284,0
2020-06-22,285,0
2020-06-22,286,0
2020-06-22,287,0
2020-06-22,288,1
2020-06-22,289,1
2020-06-22,290,1
2020-06-22,291,0
2020-06-22,292,0
2020-06-22,293,1
2020-06-22,294,0
2020-06-22,295,0
2020-06-22,296,0
2020-06-22,297,0
2020-06-22,298,0
2020-06-22,299,0
2020-06-22,300,0
2020-06-22,301,0
2020-06-22,302,0
2020-06-22,303,0
2020-06-22,304,0
2020-06-22,305,0
2020-06-22,306,0
2020-06-22,307,0
2020-06-22,308,1
2020-06-29,277,0
2020-06-29,278,0
2020-06-29,279,2
2020-06-29,280,0
2020-06-29,281,0
2020-06-29,282,0
2020-06-29,283,0
2020-06-29,284,0
2020-06-29,285,1
2020-06-29,286,0
2020-06-29,287,0
2020-06-29,288,1
2020-06-29,289,0
2020-06-29,290,0
2020-06-29,291,0
2020-06-29,292,0
2020-06-29,293,3
2020-06-29,294,0
2020-06-29,295,0
2020-06-29,296,0
2020-06-29,297,0
2020-06-29,298,0
2020-06-29,299,1
2020-06-29,300,0
2020-06-29,301,0
2020-06-29,302,1
2020-06-29,303,0
2020-06-29,304,1
2020-06-29,305,1
2020-06-29,306,0
2020-06-29,307,0
2020-06-29,308,1
2020-07-06,277,0
2020-07-06,278,0
2020-07-06,279,3
2020-07-06,280,0
2020-07-06,281,0
2020-07-06,282,0
2020-07-06,283,0
2020-07-06,284,0
2020-07-06,285,0
2020-07-06,286,0
2020-07-06,287,0
2020-07-06,288,0
2020-07-06,289,1
2020-07-06,290,0
2020-07-06,291,0
2020-07-06,292,1
2020-07-06,293,1
2020-07-06,294,0
2020-07-06,295,0
2020-07-06,296,0
2020-07-06,297,0
2020-07-06,298,0
2020-07-06,299,0
2020-07-06,300,1
2020-07-06,301,0
2020-07-06,302,1
2020-07-06,303,2
2020-07-06,304,0
2020-07-06,305,0
2020-07-06,306,0
2020-07-06,307,1
2020-07-06,308,0
2020-07-13,277,1
2020-07-13,278,0
2020-07-13,279,2
2020-07-13,280,0
2020-07-13,281,0
2020-07-13,282,0
2020-07-13,283,0
2020-07-13,284,0
2020-07-13,285,0
2020-07-13,286,0
2020-07-13,287,0
2020-07-13,288,0
2020-07-13,289,0
2020-07-13,290,0
2020-07-13,291,0
2020-07-13,292,0
2020-07-13,293,0
2020-07-13,294,0
2020-07-13,295,0
2020-07-13,296,0
2020-07-13,297,0
2020-07-13,298,0
2020-07-13,299,0
2020-07-13,300,0
2020-07-13,301,0
2020-07-13,302,0
2020-07-13,303,0
2020-07-13,304,0
2020-07-13,305,0
2020-07-13,306,0
2020-07-13,307,0
2020-07-13,308,0
2020-07-20,277,0
2020-07-20,278,0
2020-07-20,279,0
2020-07-20,280,1
2020-07-20,281,0
2020-07-20,282,0
2020-07-20,283,0
2020-07-20,284,0
2020-07-20,285,0
2020-07-20,286,0
2020-07-20,287,1
2020-07-20,288,0
2020-07-20,289,0
2020-07-20,290,1
2020-07-20,291,1
2020-07-20,292,0
2020-07-20,293,0
2020-07-20,294,0
2020-07-20,295,0
2020-07-20,296,0
2020-07-20,297,0
2020-07-20,298,0
2020-07-20,299,0
2020-07-20,300,0
2020-07-20,301,0
2020-07-20,302,0
2020-07-20,303,0
2020-07-20,304,0
2020-07-20,305,0
2020-07-20,306,0
2020-07-20,307,0
2020-07-20,308,0
2020-07-27,277,0
2020-07-27,278,0
2020-07-27,279,1
2020-07-27,280,0
2020-07-27,281,0
2020-07-27,282,0
2020-07-27,283,0
2020-07-27,284,0
2020-07-27,285,0
2020-07-27,286,0
2020-07-27,287,0
2020-07-27,288,0
2020-07-27,289,1
2020-07-27,290,0
2020-07-27,291,1
2020-07-27,292,0
2020-07-27,293,0
2020-07-27,294,1
2020-07-27,295,0
2020-07-27,296,0
2020-07-27,297,0
2020-07-27,298,0
2020-07-27,299,1
2020-07-27,300,0
2020-07-27,301,0
2020-07-27,302,0
2020-07-27,303,0
2020-07-27,304,0
2020-07-27,305,0
2020-07-27,306,0
2020-07-27,307,0
2020-07-27,308,0
2020-08-03,277,0
2020-08-03,278,0
2020-08-03,279,1
2020-08-03,280,0
2020-08-03,281,0
2020-08-03,282,0
2020-08-03,283,0
2020-08-03,284,0
2020-08-03,285,0
2020-08-03,286,0
2020-08-03,287,0
2020-08-03,288,0
2020-08-03,289,0
2020-08-03,290,0
2020-08-03,291,0
2020-08-03,292,0
2020-08-03,293,0
2020-08-03,294,0
2020-08-03,295,0
2020-08-03,296,0
2020-08-03,297,0
2020-08-03,298,0
2020-08-03,299,0
2020-08-03,300,1
2020-08-03,301,0
2020-08-03,302,0
2020-08-03,303,0
2020-08-03,304,0
2020-08-03,305,0
2020-08-03,306,0
2020-08-03,307,0
2020-08-03,308,0
2020-08-10,277,0
2020-08-10,278,0
2020-08-10,279,0
2020-08-10,280,0
2020-08-10,281,0
2020-08-10,282,0
2020-08-10,283,1
2020-08-10,284,0
2020-08-10,285,0
2020-08-10,286,1
2020-08-10,287,2
2020-08-10,288,0
2020-08-10,289,0
2020-08-10,290,0
2020-08-10,291,0
2020-08-10,292,0
2020-08-10,293,1
2020-08-10,294,0
2020-08-10,295,0
2020-08-10,296,0
2020-08-10,297,0
2020-08-10,298,0
2020-08-10,299,0
2020-08-10,300,0
2020-08-10,301,0
2020-08-10,302,0
2020-08-10,303,0
2020-08-10,304,0
2020-08-10,305,0
2020-08-10,306,0
2020-08-10,307,0
2020-08-10,308,0
2020-08-17,277,0
2020-08-17,278,0
2020-08-17,279,0
2020-08-17,280,0
2020-08-17,281,0
2020-08-17,282,0
2020-08-17,283,0
2020-08-17,284,0
2020-08-17,285,0
2020-08-17,286,0
2020-08-17,287,1
2020-08-17,288,0
2020-08-17,289,0
2020-08-17,290,0
2020-08-17,291,0
2020-08-17,292,0
2020-08-17,293,1
2020-08-17,294,0
2020-08-17,295,0
2020-08-17,296,0
2020-08-17,297,0
2020-08-17,298,0
2020-08-17,299,0
2020-08-17,300,0
2020-08-17,301,0
2020-08-17,302,0
2020-08-17,303,0
2020-08-17,304,0
2020-08-17,305,1
2020-08-17,306,0
2020-08-17,307,0
2020-08-17,308,0
2020-08-24,277,0
2020-08-24,278,0
2020-08-24,279,0
2020-08-24,280,0
2020-08-24,281,0
2020-08-24,282,0
2020-08-24,283,0
2020-08-24,284,0
2020-08-24,285,0
2020-08-24,286,0
2020-08-24,287,0
2020-08-24,288,0
2020-08-24,289,0
2020-08-24,290,1
2020-08-24,291,0
2020-08-24,292,0
2020-08-24,293,0
2020-08-24,294,0
2020-08-24,295,0
2020-08-24,296,0
2020-08-24,297,0
2020-08-24,298,0
2020-08-24,299,0
2020-08-24,300,0
2020-08-24,301,0
2020-08-24,302,0
2020-08-24,303,1
2020-08-24,304,0
2020-08-24,305,0
2020-08-24,306,0
2020-08-24,307,0
2020-08-24,308,0
2020-08-31,277,1
2020-08-31,278,1
2020-08-31,279,0
2020-08-31,280,0
2020-08-31,281,0
2020-08-31,282,0
2020-08-31,283,0
2020-08-31,284,0
2020-08-31,285,0
2020-08-31,286,0
2020-08-31,287,0
2020-08-31,288,0
2020-08-31,289,0
2020-08-31,290,0
2020-08-31,291,0
2020-08-31,292,0
2020-08-31,293,1
2020-08-31,294,0
2020-08-31,295,0
2020-08-31,296,0
2020-08-31,297,0
2020-08-31,298,0
2020-08-31,299,0
2020-08-31,300,0
2020-08-31,301,1
2020-08-31,302,0
2020-08-31,303,0
2020-08-31,304,0
2020-08-31,305,0
2020-08-31,306,0
2020-08-31,307,0
2020-08-31,308,0
2020-09-07,277,1
2020-09-07,278,0
2020-09-07,279,0
2020-09-07,280,0
2020-09-07,281,1
2020-09-07,282,0
2020-09-07,283,0
2020-09-07,284,1
2020-09-07,285,0
2020-09-07,286,0
2020-09-07,287,1
2020-09-07,288,0
2020-09-07,289,0
2020-09-07,290,0
2020-09-07,291,1
2020-09-07,292,0
2020-09-07,293,0
2020-09-07,294,0
2020-09-07,295,0
2020-09-07,296,0
2020-09-07,297,0
2020-09-07,298,0
2020-09-07,299,0
2020-09-07,300,0
2020-09-07,301,0
2020-09-07,302,0
2020-09-07,303,0
2020-09-07,304,0
2020-09-07,305,0
2020-09-07,306,0
2020-09-07,307,0
2020-09-07,308,0
2020-09-14,277,1
2020-09-14,278,0
2020-09-14,279,1
2020-09-14,280,1
2020-09-14,281,0
2020-09-14,282,0
2020-09-14,283,1
2020-09-14,284,0
2020-09-14,285,0
2020-09-14,286,0
2020-09-14,287,0
2020-09-14,288,0
2020-09-14,289,3
2020-09-14,290,0
2020-09-14,291,5
2020-09-14,292,0
2020-09-14,293,1
2020-09-14,294,0
2020-09-14,295,0
2020-09-14,296,0
2020-09-14,297,0
2020-09-14,298,0
2020-09-14,299,0
2020-09-14,300,1
2020-09-14,301,4
2020-09-14,302,0
2020-09-14,303,0
2020-09-14,304,0
2020-09-14,305,0
2020-09-14,306,1
2020-09-14,307,0
2020-09-14,308,0
2020-09-21,277,3
2020-09-21,278,2
2020-09-21,279,0
2020-09-21,280,1
2020-09-21,281,1
2020-09-21,282,0
2020-09-21,283,0
2020-09-21,284,1
2020-09-21,285,0
2020-09-21,286,0
2020-09-21,287,0
2020-09-21,288,0
2020-09-21,289,0
2020-09-21,290,1
2020-09-21,291,0
2020-09-21,292,0
2020-09-21,293,1
2020-09-21,294,0
2020-09-21,295,0
2020-09-21,296,1
2020-09-21,297,0
2020-09-21,298,2
2020-09-21,299,0
2020-09-21,300,1
2020-09-21,301,5
2020-09-21,302,0
2020-09-21,303,0
2020-09-21,304,1
2020-09-21,305,2
2020-09-21,306,2
2020-09-21,307,0
2020-09-21,308,0
2020-09-28,277,3
2020-09-28,278,1
2020-09-28,279,1
2020-09-28,280,2
2020-09-28,281,1
2020-09-28,282,0
2020-09-28,283,1
2020-09-28,284,2
2020-09-28,285,0
2020-09-28,286,2
2020-09-28,287,1
2020-09-28,288,0
2020-09-28,289,0
2020-09-28,290,0
2020-09-28,291,4
2020-09-28,292,0
2020-09-28,293,0
2020-09-28,294,0
2020-09-28,295,0
2020-09-28,296,0
2020-09-28,297,1
2020-09-28,298,1
2020-09-28,299,0
2020-09-28,300,4
2020-09-28,301,8
2020-09-28,302,0
2020-09-28,303,0
2020-09-28,304,0
2020-09-28,305,2
2020-09-28,306,1
2020-09-28,307,0
2020-09-28,308,1
2020-10-05,277,3
2020-10-05,278,0
2020-10-05,279,2
2020-10-05,280,1
2020-10-05,281,2
2020-10-05,282,0
2020-10-05,283,0
2020-10-05,284,1
2020-10-05,285,1
2020-10-05,286,1
2020-10-05,287,1
2020-10-05,288,1
2020-10-05,289,2
2020-10-05,290,2
2020-10-05,291,3
2020-10-05,292,1
2020-10-05,293,1
2020-10-05,294,0
2020-10-05,295,0
2020-10-05,296,0
2020-10-05,297,0
2020-10-05,298,0
2020-10-05,299,0
2020-10-05,300,3
2020-10-05,301,10
2020-10-05,302,0
2020-10-05,303,0
2020-10-05,304,0
2020-10-05,305,2
2020-10-05,306,1
2020-10-05,307,0
2020-10-05,308,1
2020-10-12,277,2
2020-10-12,278,2
2020-10-12,279,1
2020-10-12,280,3
2020-10-12,281,0
2020-10-12,282,2
2020-10-12,283,2
2020-10-12,284,5
2020-10-12,285,2
2020-10-12,286,1
2020-10-12,287,0
2020-10-12,288,1
2020-10-12,289,1
2020-10-12,290,1
2020-10-12,291,5
2020-10-12,292,0
2020-10-12,293,0
2020-10-12,294,0
2020-10-12,295,1
2020-10-12,296,0
2020-10-12,297,2
2020-10-12,298,1
2020-10-12,299,2
2020-10-12,300,0
2020-10-12,301,6
2020-10-12,302,0
2020-10-12,303,0
2020-10-12,304,0
2020-10-12,305,1
2020-10-12,306,4
2020-10-12,307,1
2020-10-12,308,3
2020-10-19,277,2
2020-10-19,278,1
2020-10-19,279,0
2020-10-19,280,4
2020-10-19,281,1
2020-10-19,282,0
2020-10-19,283,2
2020-10-19,284,4
2020-10-19,285,2
2020-10-19,286,0
2020-10-19,287,5
2020-10-19,288,1
2020-10-19,289,4
2020-10-19,290,2
2020-10-19,291,13
2020-10-19,292,1
2020-10-19,293,5
2020-10-19,294,0
2020-10-19,295,0
2020-10-19,296,0
2020-10-19,297,2
2020-10-19,298,1
2020-10-19,299,1
2020-10-19,300,4
2020-10-19,301,12
2020-10-19,302,1
2020-10-19,303,0
2020-10-19,304,2
2020-10-19,305,3
2020-10-19,306,1
2020-10-19,307,4
2020-10-19,308,2
2020-10-26,277,9
2020-10-26,278,4
2020-10-26,279,8
2020-10-26,280,0
2020-10-26,281,3
2020-10-26,282,0
2020-10-26,283,3
2020-10-26,284,7
2020-10-26,285,0
2020-10-26,286,4
2020-10-26,287,2
2020-10-26,288,2
2020-10-26,289,0
2020-10-26,290,1
2020-10-26,291,14
2020-10-26,292,6
2020-10-26,293,7
2020-10-26,294,2
2020-10-26,295,2
2020-10-26,296,3
2020-10-26,297,1
2020-10-26,298,0
2020-10-26,299,0
2020-10-26,300,8
2020-10-26,301,10
2020-10-26,302,2
2020-10-26,303,0
2020-10-26,304,1
2020-10-26,305,2
2020-10-26,306,0
2020-10-26,307,2
2020-10-26,308,1
2020-11-02,277,12
2020-11-02,278,7
2020-11-02,279,8
2020-11-02,280,0
2020-11-02,281,5
2020-11-02,282,0
2020-11-02,283,2
2020-11-02,284,4
2020-11-02,285,5
2020-11-02,286,1
2020-11-02,287,3
2020-11-02,288,2
2020-11-02,289,1
2020-11-02,290,2
2020-11-02,291,27
2020-11-02,292,2
2020-11-02,293,5
2020-11-02,294,1
2020-11-02,295,1
2020-11-02,296,5
2020-11-02,297,0
2020-11-02,298,3
2020-11-02,299,2
2020-11-02,300,5
2020-11-02,301,13
2020-11-02,302,2
2020-11-02,303,1
2020-11-02,304,5
2020-11-02,305,1
2020-11-02,306,1
2020-11-02,307,1
2020-11-02,308,4
2020-11-09,277,9
2020-11-09,278,4
2020-11-09,279,11
2020-11-09,280,2
2020-11-09,281,1
2020-11-09,282,1
2020-11-09,283,8
2020-11-09,284,9
2020-11-09,285,2
2020-11-09,286,1
2020-11-09,287,3
2020-11-09,288,1
2020-11-09,289,2
2020-11-09,290,0
2020-11-09,291,14
2020-11-09,292,7
2020-11-09,293,7
2020-11-09,294,1
2020-11-09,295,1
2020-11-09,296,3
2020-11-09,297,0
2020-11-09,298,0
2020-11-09,299,4
2020-11-09,300,7
2020-11-09,301,12
2020-11-09,302,1
2020-11-09,303,1
2020-11-09,304,5
2020-11-09,305,5
2020-11-09,306,5
2020-11-09,307,2
2020-11-09,308,0
2020-11-16,277,13
2020-11-16,278,9
2020-11-16,279,9
2020-11-16,280,2
2020-11-16,281,2
2020-11-16,282,1
2020-11-16,283,12
2020-11-16,284,7
2020-11-16,285,7
2020-11-16,286,3
2020-11-16,287,4
2020-11-16,288,1
2020-11-16,289,1
2020-11-16,290,3
2020-11-16,291,23
2020-11-16,292,4
2020-11-16,293,6
2020-11-16,294,3
2020-11-16,295,4
2020-11-16,296,6
2020-11-16,297,2
2020-11-16,298,4
2020-11-16,299,5
2020-11-16,300,6
2020-11-16,301,10
2020-11-16,302,4
2020-11-16,303,0
2020-11-16,304,5
2020-11-16,305,3
2020-11-16,306,6
2020-11-16,307,5
2020-11-16,308,1
2020-11-23,277,12
2020-11-23,278,12
2020-11-23,279,10
2020-11-23,280,7
2020-11-23,281,1
2020-11-23,282,0
2020-11-23,283,10
2020-11-23,284,6
2020-11-23,285,7
2020-11-23,286,10
2020-11-23,287,6
2020-11-23,288,5
2020-11-23,289,2
2020-11-23,290,4
2020-11-23,291,30
2020-11-23,292,11
2020-11-23,293,8
2020-11-23,294,4
2020-11-23,295,2
2020-11-23,296,10
2020-11-23,297,2
2020-11-23,298,1
2020-11-23,299,4
2020-11-23,300,11
2020-11-23,301,16
2020-11-23,302,4
2020-11-23,303,2
2020-11-23,304,13
2020-11-23,305,8
2020-11-23,306,6
2020-11-23,307,3
2020-11-23,308,0
2020-11-30,277,17
2020-11-30,278,10
2020-11-30,279,11
2020-11-30,280,5
2020-11-30,281,1
2020-11-30,282,1
2020-11-30,283,16
2020-11-30,284,7
2020-11-30,285,3
2020-11-30,286,8
2020-11-30,287,8
2020-11-30,288,3
2020-11-30,289,1
2020-11-30,290,5
2020-11-30,291,19
2020-11-30,292,10
2020-11-30,293,4
2020-11-30,294,0
2020-11-30,295,1
2020-11-30,296,3
2020-11-30,297,4
2020-11-30,298,2
2020-11-30,299,9
2020-11-30,300,8
2020-11-30,301,13
2020-11-30,302,7
2020-11-30,303,4
2020-11-30,304,10
2020-11-30,305,8
2020-11-30,306,6
2020-11-30,307,3
2020-11-30,308,0
2020-12-07,277,9
2020-12-07,278,9
2020-12-07,279,6
2020-12-07,280,8
2020-12-07,281,8
2020-12-07,282,1
2020-12-07,283,5
2020-12-07,284,2
2020-12-07,285,4
2020-12-07,286,3
2020-12-07,287,5
2020-12-07,288,1
2020-12-07,289,6
2020-12-07,290,6
2020-12-07,291,35
2020-12-07,292,13
2020-12-07,293,5
2020-12-07,294,2
2020-12-07,295,1
2020-12-07,296,5
2020-12-07,297,3
2020-12-07,298,4
2020-12-07,299,8
2020-12-07,300,14
2020-12-07,301,24
2020-12-07,302,4
2020-12-07,303,3
2020-12-07,304,3
2020-12-07,305,9
2020-12-07,306,12
2020-12-07,307,4
2020-12-07,308,5
2020-12-14,277,15
2020-12-14,278,11
2020-12-14,279,10
2020-12-14,280,14
2020-12-14,281,6
2020-12-14,282,7
2020-12-14,283,16
2020-12-14,284,6
2020-12-14,285,12
2020-12-14,286,3
2020-12-14,287,1
2020-12-14,288,1
2020-12-14,289,6
2020-12-14,290,4
2020-12-14,291,57
2020-12-14,292,16
2020-12-14,293,16
2020-12-14,294,5
2020-12-14,295,1
2020-12-14,296,4
2020-12-14,297,2
2020-12-14,298,12
2020-12-14,299,15
2020-12-14,300,18
2020-12-14,301,18
2020-12-14,302,7
2020-12-14,303,2
2020-12-14,304,13
2020-12-14,305,10
2020-12-14,306,19
2020-12-14,307,14
2020-12-14,308,1
2020-12-21,277,34
2020-12-21,278,23
2020-12-21,279,22
2020-12-21,280,15
2020-12-21,281,18
2020-12-21,282,9
2020-12-21,283,25
2020-12-21,284,22
2020-12-21,285,24
2020-12-21,286,11
2020-12-21,287,17
2020-12-21,288,7
2020-12-21,289,16
2020-12-21,290,16
2020-12-21,291,37
2020-12-21,292,33
2020-12-21,293,21
2020-12-21,294,12
2020-12-21,295,8
2020-12-21,296,13
2020-12-21,297,14
2020-12-21,298,22
2020-12-21,299,16
2020-12-21,300,29
2020-12-21,301,42
2020-12-21,302,4
2020-12-21,303,6
2020-12-21,304,13
2020-12-21,305,23
2020-12-21,306,19
2020-12-21,307,15
2020-12-21,308,14
2020-12-28,277,36
2020-12-28,278,54
2020-12-28,279,32
2020-12-28,280,34
2020-12-28,281,38
2020-12-28,282,17
2020-12-28,283,40
2020-12-28,284,26
2020-12-28,285,43
2020-12-28,286,32
2020-12-28,287,20
2020-12-28,288,10
2020-12-28,289,21
2020-12-28,290,24
2020-12-28,291,65
2020-12-28,292,34
2020-12-28,293,28
2020-12-28,294,14
2020-12-28,295,6
2020-12-28,296,16
2020-12-28,297,26
2020-12-28,298,29
2020-12-28,299,24
2020-12-28,300,44
2020-12-28,301,69
2020-12-28,302,15
2020-12-28,303,13
2020-12-28,304,19
2020-12-28,305,29
2020-12-28,306,42
2020-12-28,307,30
2020-12-28,308,15
2021-01-04,277,35
2021-01-04,278,54
2021-01-04,279,54
2021-01-04,280,31
2021-01-04,281,72
2021-01-04,282,19
2021-01-04,283,57
2021-01-04,284,56
2021-01-04,285,69
2021-01-04,286,31
2021-01-04,287,44
2021-01-04,288,20
2021-01-04,289,22
2021-01-04,290,31
2021-01-04,291,61
2021-01-04,292,36
2021-01-04,293,51
2021-01-04,294,32
2021-01-04,295,15
2021-01-04,296,25
2021-01-04,297,38
2021-01-04,298,49
2021-01-04,299,31
2021-01-04,300,61
2021-01-04,301,49
2021-01-04,302,17
2021-01-04,303,26
2021-01-04,304,39
2021-01-04,305,44
2021-01-04,306,44
2021-01-04,307,27
2021-01-04,308,18
2021-01-11,277,47
2021-01-11,278,65
2021-01-11,279,51
2021-01-11,280,52
2021-01-11,281,61
2021-01-11,282,24
2021-01-11,283,68
2021-01-11,284,49
2021-01-11,285,46
2021-01-11,286,44
2021-01-11,287,38
2021-01-11,288,23
2021-01-11,289,31
2021-01-11,290,19
2021-01-11,291,62
2021-01-11,292,55
2021-01-11,293,51
2021-01-11,294,32
2021-01-11,295,27
2021-01-11,296,21
2021-01-11,297,40
2021-01-11,298,50
2021-01-11,299,43
2021-01-11,300,62
2021-01-11,301,74
2021-01-11,302,24
2021-01-11,303,39
2021-01-11,304,41
2021-01-11,305,38
2021-01-11,306,43
2021-01-11,307,31
2021-01-11,308,35
2021-01-18,277,26
2021-01-18,278,60
2021-01-18,279,60
2021-01-18,280,45
2021-01-18,281,51
2021-01-18,282,18
2021-01-18,283,64
2021-01-18,284,48
2021-01-18,285,51
2021-01-18,286,36
2021-01-18,287,37
2021-01-18,288,8
2021-01-18,289,33
2021-01-18,290,24
2021-01-18,291,50
2021-01-18,292,42
2021-01-18,293,50
2021-01-18,294,30
2021-01-18,295,16
2021-01-18,296,24
2021-01-18,297,42
2021-01-18,298,41
2021-01-18,299,19
2021-01-18,300,52
2021-01-18,301,44
2021-01-18,302,28
2021-01-18,303,32
2021-01-18,304,42
2021-01-18,305,37
2021-01-18,306,28
2021-01-18,307,45
2021-01-18,308,20
2021-01-25,277,23
2021-01-25,278,33
2021-01-25,279,22
2021-01-25,280,32
2021-01-25,281,33
2021-01-25,282,19
2021-01-25,283,44
2021-01-25,284,35
2021-01-25,285,33
2021-01-25,286,27
2021-01-25,287,26
2021-01-25,288,15
2021-01-25,289,23
2021-01-25,290,19
2021-01-25,291,28
2021-01-25,292,55
2021-01-25,293,37
2021-01-25,294,13
2021-01-25,295,9
2021-01-25,296,15
2021-01-25,297,30
2021-01-25,298,24
2021-01-25,299,15
2021-01-25,300,23
2021-01-25,301,15
2021-01-25,302,16
2021-01-25,303,24
2021-01-25,304,29
2021-01-25,305,13
2021-01-25,306,12
2021-01-25,307,19
2021-01-25,308,21
2021-02-01,277,16
2021-02-01,278,27
2021-02-01,279,22
2021-02-01,280,23
2021-02-01,281,24
2021-02-01,282,10
2021-02-01,283,28
2021-02-01,284,25
2021-02-01,285,17
2021-02-01,286,19
2021-02-01,287,14
2021-02-01,288,11
2021-02-01,289,16
2021-02-01,290,13
2021-02-01,291,22
2021-02-01,292,24
2021-02-01,293,27
2021-02-01,294,19
2021-02-01,295,12
2021-02-01,296,13
2021-02-01,297,23
2021-02-01,298,15
2021-02-01,299,18
2021-02-01,300,21
2021-02-01,301,18
2021-02-01,302,8
2021-02-01,303,8
2021-02-01,304,15
2021-02-01,305,15
2021-02-01,306,10
2021-02-01,307,25
2021-02-01,308,12
2021-02-08,277,7
2021-02-08,278,14
2021-02-08,279,15
2021-02-08,280,10
2021-02-08,281,15
2021-02-08,282,5
2021-02-08,283,16
2021-02-08,284,14
2021-02-08,285,7
2021-02-08,286,7
2021-02-08,287,12
2021-02-08,288,5
2021-02-08,289,10
2021-02-08,290,9
2021-02-08,291,19
2021-02-08,292,22
2021-02-08,293,14
2021-02-08,294,4
2021-02-08,295,4
2021-02-08,296,7
2021-02-08,297,16
2021-02-08,298,12
2021-02-08,299,10
2021-02-08,300,8
2021-02-08,301,8
2021-02-08,302,8
2021-02-08,303,3
2021-02-08,304,15
2021-02-08,305,9
2021-02-08,306,7
2021-02-08,307,9
2021-02-08,308,8
2021-02-15,277,10
2021-02-15,278,4
2021-02-15,279,10
2021-02-15,280,11
2021-02-15,281,10
2021-02-15,282,6
2021-02-15,283,8
2021-02-15,284,8
2021-02-15,285,4
2021-02-15,286,9
2021-02-15,287,3
2021-02-15,288,3
2021-02-15,289,3
2021-02-15,290,9
2021-02-15,291,12
2021-02-15,292,17
2021-02-15,293,7
2021-02-15,294,7
2021-02-15,295,7
2021-02-15,296,5
2021-02-15,297,8
2021-02-15,298,7
2021-02-15,299,4
2021-02-15,300,9
2021-02-15,301,13
2021-02-15,302,4
2021-02-15,303,4
2021-02-15,304,13
2021-02-15,305,4
2021-02-15,306,5
2021-02-15,307,11
2021-02-15,308,7
2021-02-22,277,1
2021-02-22,278,4
2021-02-22,279,3
2021-02-22,280,6
2021-02-22,281,4
2021-02-22,282,1
2021-02-22,283,5
2021-02-22,284,5
2021-02-22,285,2
2021-02-22,286,4
2021-02-22,287,4
2021-02-22,288,1
2021-02-22,289,1
2021-02-22,290,1
2021-02-22,291,8
2021-02-22,292,9
2021-02-22,293,5
2021-02-22,294,3
2021-02-22,295,2
2021-02-22,296,3
2021-02-22,297,5
2021-02-22,298,4
2021-02-22,299,4
2021-02-22,300,7
2021-02-22,301,5
2021-02-22,302,4
2021-02-22,303,1
2021-02-22,304,6
2021-02-22,305,1
2021-02-22,306,4
2021-02-22,307,2
2021-02-22,308,2
2021-03-01,277,1
2021-03-01,278,7
2021-03-01,279,3
2021-03-01,280,3
2021-03-01,281,3
2021-03-01,282,2
2021-03-01,283,5
2021-03-01,284,5
2021-03-01,285,2
2021-03-01,286,2
2021-03-01,287,3
2021-03-01,288,0
2021-03-01,289,1
2021-03-01,290,4
2021-03-01,291,5
2021-03-01,292,5
2021-03-01,293,3
2021-03-01,294,2
2021-03-01,295,0
2021-03-01,296,0
2021-03-01,297,1
2021-03-01,298,1
2021-03-01,299,2
2021-03-01,300,1
2021-03-01,301,5
2021-03-01,302,1
2021-03-01,303,1
2021-03-01,304,6
2021-03-01,305,0
2021-03-01,306,0
2021-03-01,307,2
2021-03-01,308,2
2021-03-08,277,3
2021-03-08,278,4
2021-03-08,279,3
2021-03-08,280,0
2021-03-08,281,3
2021-03-08,282,0
2021-03-08,283,3
2021-03-08,284,2
2021-03-08,285,1
2021-03-08,286,2
2021-03-08,287,1
2021-03-08,288,1
2021-03-08,289,0
2021-03-08,290,2
2021-03-08,291,4
2021-03-08,292,1
2021-03-08,293,2
2021-03-08,294,1
2021-03-08,295,0
2021-03-08,296,0
2021-03-08,297,0
2021-03-08,298,1
2021-03-08,299,4
2021-03-08,300,1
2021-03-08,301,4
2021-03-08,302,3
2021-03-08,303,1
2021-03-08,304,0
2021-03-08,305,1
2021-03-08,306,0
2021-03-08,307,0
2021-03-08,308,0
2021-03-15,277,0
2021-03-15,278,2
2021-03-15,279,0
2021-03-15,280,2
2021-03-15,281,2
2021-03-15,282,1
2021-03-15,283,0
2021-03-15,284,3
2021-03-15,285,0
2021-03-15,286,1
2021-03-15,287,0
2021-03-15,288,0
2021-03-15,289,1
2021-03-15,290,1
2021-03-15,291,1
2021-03-15,292,4
2021-03-15,293,1
2021-03-15,294,0
2021-03-15,295,0
2021-03-15,296,2
2021-03-15,297,1
2021-03-15,298,0
2021-03-15,299,2
2021-03-15,300,1
2021-03-15,301,0
2021-03-15,302,1
2021-03-15,303,0
2021-03-15,304,1
2021-03-15,305,1
2021-03-15,306,1
2021-03-15,307,0
2021-03-15,308,0
2021-03-22,277,0
2021-03-22,278,0
2021-03-22,279,1
2021-03-22,280,1
2021-03-22,281,0
2021-03-22,282,1
2021-03-22,283,1
2021-03-22,284,1
2021-03-22,285,1
2021-03-22,286,0
2021-03-22,287,0
2021-03-22,288,0
2021-03-22,289,1
2021-03-22,290,0
2021-03-22,291,0
2021-03-22,292,2
2021-03-22,293,1
2021-03-22,294,0
2021-03-22,295,0
2021-03-22,296,2
2021-03-22,297,0
2021-03-22,298,1
2021-03-22,299,0
2021-03-22,300,0
2021-03-22,301,0
2021-03-22,302,3
2021-03-22,303,2
2021-03-22,304,1
2021-03-22,305,1
2021-03-22,306,0
2021-03-22,307,0
2021-03-22,308,1
2021-03-29,277,0
2021-03-29,278,0
2021-03-29,279,0
2021-03-29,280,1
2021-03-29,281,0
2021-03-29,282,0
2021-03-29,283,0
2021-03-29,284,0
2021-03-29,285,1
2021-03-29,286,0
2021-03-29,287,0
2021-03-29,288,0
2021-03-29,289,1
2021-03-29,290,0
2021-03-29,291,1
2021-03-29,292,1
2021-03-29,293,1
2021-03-29,294,0
2021-03-29,295,0
2021-03-29,296,2
2021-03-29,297,0
2021-03-29,298,0
2021-03-29,299,1
2021-03-29,300,1
2021-03-29,301,1
2021-03-29,302,1
2021-03-29,303,0
2021-03-29,304,1
2021-03-29,305,0
2021-03-29,306,1
2021-03-29,307,0
2021-03-29,308,0
2021-04-05,277,0
2021-04-05,278,1
2021-04-05,279,0
2021-04-05,280,2
2021-04-05,281,0
2021-04-05,282,0
2021-04-05,283,0
2021-04-05,284,0
2021-04-05,285,0
2021-04-05,286,0
2021-04-05,287,1
2021-04-05,288,1
2021-04-05,289,0
2021-04-05,290,1
2021-04-05,291,0
2021-04-05,292,2
2021-04-05,293,1
2021-04-05,294,0
2021-04-05,295,0
2021-04-05,296,1
2021-04-05,297,0
2021-04-05,298,0
2021-04-05,299,0
2021-04-05,300,0
2021-04-05,301,2
2021-04-05,302,0
2021-04-05,303,0
2021-04-05,304,0
2021-04-05,305,0
2021-04-05,306,0
2021-04-05,307,0
2021-04-05,308,0
2021-04-12,277,0
2021-04-12,278,0
2021-04-12,279,0
2021-04-12,280,0
2021-04-12,281,0
2021-04-12,282,1
2021-04-12,283,0
2021-04-12,284,0
2021-04-12,285,0
2021-04-12,286,0
2021-04-12,287,1
2021-04-12,288,0
2021-04-12,289,0
2021-04-12,290,1
2021-04-12,291,0
2021-04-12,292,2
2021-04-12,293,0
2021-04-12,294,0
2021-04-12,295,0
2021-04-12,296,3
2021-04-12,297,0
2021-04-12,298,0
2021-04-12,299,0
2021-04-12,300,0
2021-04-12,301,1
2021-04-12,302,1
2021-04-12,303,0
2021-04-12,304,0
2021-04-12,305,1
2021-04-12,306,1
2021-04-12,307,0
2021-04-12,308,0
2021-04-19,277,0
2021-04-19,278,0
2021-04-19,279,0
2021-04-19,280,1
2021-04-19,281,0
2021-04-19,282,0
2021-04-19,283,0
2021-04-19,284,0
2021-04-19,285,0
2021-04-19,286,0
2021-04-19,287,2
2021-04-19,288,0
2021-04-19,289,0
2021-04-19,290,1
2021-04-19,291,0
2021-04-19,292,0
2021-04-19,293,1
2021-04-19,294,0
2021-04-19,295,0
2021-04-19,296,2
2021-04-19,297,0
2021-04-19,298,0
2021-04-19,299,0
2021-04-19,300,0
2021-04-19,301,0
2021-04-19,302,0
2021-04-19,303,0
2021-04-19,304,0
2021-04-19,305,0
2021-04-19,306,0
2021-04-19,307,0
2021-04-19,308,0
2021-04-26,277,2
2021-04-26,278,0
2021-04-26,279,1
2021-04-26,280,0
2021-04-26,281,0
2021-04-26,282,1
2021-04-26,283,0
2021-04-26,284,0
2021-04-26,285,0
2021-04-26,286,0
2021-04-26,287,0
2021-04-26,288,0
2021-04-26,289,0
2021-04-26,290,0
2021-04-26,291,0
2021-04-26,292,0
2021-04-26,293,0
2021-04-26,294,0
2021-04-26,295,0
2021-04-26,296,3
2021-04-26,297,0
2021-04-26,298,0
2021-04-26,299,0
2021-04-26,300,0
2021-04-26,301,1
2021-04-26,302,3
2021-04-26,303,1
2021-04-26,304,0
2021-04-26,305,0
2021-04-26,306,0
2021-04-26,307,1
2021-04-26,308,0
2021-05-03,277,0
2021-05-03,278,0
2021-05-03,279,0
2021-05-03,280,0
2021-05-03,281,0
2021-05-03,282,0
2021-05-03,283,0
2021-05-03,284,0
2021-05-03,285,0
2021-05-03,286,0
2021-05-03,287,0
2021-05-03,288,0
2021-05-03,289,0
2021-05-03,290,1
2021-05-03,291,0
2021-05-03,292,0
2021-05-03,293,1
2021-05-03,294,0
2021-05-03,295,0
2021-05-03,296,2
2021-05-03,297,1
2021-05-03,298,0
2021-05-03,299,0
2021-05-03,300,0
2021-05-03,301,2
2021-05-03,302,1
2021-05-03,303,0
2021-05-03,304,0
2021-05-03,305,0
2021-05-03,306,0
2021-05-03,307,1
2021-05-03,308,0
2021-05-10,277,0
2021-05-10,278,0
2021-05-10,279,0
2021-05-10,280,1
2021-05-10,281,0
2021-05-10,282,0
2021-05-10,283,1
2021-05-10,284,0
2021-05-10,285,0
2021-05-10,286,0
2021-05-10,287,0
2021-05-10,288,0
2021-05-10,289,0
2021-05-10,290,0
2021-05-10,291,0
2021-05-10,292,0
2021-05-10,293,0
2021-05-10,294,0
2021-05-10,295,0
2021-05-10,296,0
2021-05-10,297,0
2021-05-10,298,1
2021-05-10,299,0
2021-05-10,300,0
2021-05-10,301,1
2021-05-10,302,0
2021-05-10,303,0
2021-05-10,304,0
2021-05-10,305,0
2021-05-10,306,0
2021-05-10,307,0
2021-05-10,308,0
2021-05-17,277,0
2021-05-17,278,0
2021-05-17,279,0
2021-05-17,280,1
2021-05-17,281,0
2021-05-17,282,0
2021-05-17,283,0
2021-05-17,284,0
2021-05-17,285,1
2021-05-17,286,0
2021-05-17,287,0
2021-05-17,288,0
2021-05-17,289,0
2021-05-17,290,0
2021-05-17,291,0
2021-05-17,292,0
2021-05-17,293,1
2021-05-17,294,0
2021-05-17,295,0
2021-05-17,296,0
2021-05-17,297,0
2021-05-17,298,0
2021-05-17,299,0
2021-05-17,300,0
2021-05-17,301,0
2021-05-17,302,0
2021-05-17,303,0
2021-05-17,304,0
2021-05-17,305,0
2021-05-17,306,1
2021-05-17,307,0
2021-05-17,308,1
2021-05-24,277,1
2021-05-24,278,1
2021-05-24,279,0
2021-05-24,280,0
2021-05-24,281,0
2021-05-24,282,0
2021-05-24,283,1
2021-05-24,284,1
2021-05-24,285,0
2021-05-24,286,0
2021-05-24,287,0
2021-05-24,288,0
2021-05-24,289,0
2021-05-24,290,0
2021-05-24,291,1
2021-05-24,292,0
2021-05-24,293,0
2021-05-24,294,0
2021-05-24,295,0
2021-05-24,296,0
2021-05-24,297,0
2021-05-24,298,2
2021-05-24,299,0
2021-05-24,300,0
2021-05-24,301,0
2021-05-24,302,1
2021-05-24,303,0
2021-05-24,304,0
2021-05-24,305,0
2021-05-24,306,0
2021-05-24,307,0
2021-05-24,308,0
2021-05-31,277,0
2021-05-31,278,0
2021-05-31,279,0
2021-05-31,280,1
2021-05-31,281,0
2021-05-31,282,1
2021-05-31,283,0
2021-05-31,284,1
2021-05-31,285,0
2021-05-31,286,0
2021-05-31,287,1
2021-05-31,288,0
2021-05-31,289,0
2021-05-31,290,1
2021-05-31,291,0
2021-05-31,292,0
2021-05-31,293,0
2021-05-31,294,0
2021-05-31,295,0
2021-05-31,296,0
2021-05-31,297,0
2021-05-31,298,1
2021-05-31,299,0
2021-05-31,300,0
2021-05-31,301,1
2021-05-31,302,0
2021-05-31,303,0
2021-05-31,304,0
2021-05-31,305,0
2021-05-31,306,0
2021-05-31,307,0
2021-05-31,308,0
2021-06-07,277,0
2021-06-07,278,0
2021-06-07,279,0
2021-06-07,280,1
2021-06-07,281,0
2021-06-07,282,0
2021-06-07,283,1
2021-06-07,284,3
2021-06-07,285,0
2021-06-07,286,0
2021-06-07,287,0
2021-06-07,288,0
2021-06-07,289,0
2021-06-07,290,1
2021-06-07,291,2
2021-06-07,292,0
2021-06-07,293,0
2021-06-07,294,0
2021-06-07,295,0
2021-06-07,296,0
2021-06-07,297,0
2021-06-07,298,1
2021-06-07,299,0
2021-06-07,300,1
2021-06-07,301,0
2021-06-07,302,0
2021-06-07,303,0
2021-06-07,304,0
2021-06-07,305,0
2021-06-07,306,0
2021-06-07,307,0
2021-06-07,308,0
2021-06-14,277,0
2021-06-14,278,0
2021-06-14,279,0
2021-06-14,280,2
2021-06-14,281,0
2021-06-14,282,0
2021-06-14,283,1
2021-06-14,284,1
2021-06-14,285,0
2021-06-14,286,0
2021-06-14,287,0
2021-06-14,288,1
2021-06-14,289,1
2021-06-14,290,1
2021-06-14,291,0
2021-06-14,292,1
2021-06-14,293,0
2021-06-14,294,0
2021-06-14,295,0
2021-06-14,296,0
2021-06-14,297,1
2021-06-14,298,1
2021-06-14,299,0
2021-06-14,300,1
2021-06-14,301,0
2021-06-14,302,0
2021-06-14,303,0
2021-06-14,304,0
2021-06-14,305,2
2021-06-14,306,1
2021-06-14,307,0
2021-06-14,308,0
2021-06-21,277,0
2021-06-21,278,1
2021-06-21,279,0
2021-06-21,280,0
2021-06-21,281,0
2021-06-21,282,1
2021-06-21,283,1
2021-06-21,284,0
2021-06-21,285,0
2021-06-21,286,0
2021-06-21,287,0
2021-06-21,288,0
2021-06-21,289,2
2021-06-21,290,0
2021-06-21,291,0
2021-06-21,292,0
2021-06-21,293,0
2021-06-21,294,0
2021-06-21,295,0
2021-06-21,296,0
2021-06-21,297,1
2021-06-21,298,1
2021-06-21,299,0
2021-06-21,300,0
2021-06-21,301,2
2021-06-21,302,0
2021-06-21,303,0
2021-06-21,304,0
2021-06-21,305,1
2021-06-21,306,0
2021-06-21,307,0
2021-06-21,308,1
2021-06-28,277,1
2021-06-28,278,2
2021-06-28,279,0
2021-06-28,280,0
2021-06-28,281,0
2021-06-28,282,1
2021-06-28,283,1
2021-06-28,284,0
2021-06-28,285,0
2021-06-28,286,0
2021-06-28,287,2
2021-06-28,288,1
2021-06-28,289,0
2021-06-28,290,0
2021-06-28,291,1
2021-06-28,292,0
2021-06-28,293,0
2021-06-28,294,1
2021-06-28,295,0
2021-06-28,296,0
2021-06-28,297,1
2021-06-28,298,0
2021-06-28,299,0
2021-06-28,300,1
2021-06-28,301,2
2021-06-28,302,2
2021-06-28,303,0
2021-06-28,304,0
2021-06-28,305,1
2021-06-28,306,0
2021-06-28,307,0
2021-06-28,308,1
2021-07-05,277,0
2021-07-05,278,1
2021-07-05,279,1
2021-07-05,280,1
2021-07-05,281,0
2021-07-05,282,0
2021-07-05,283,1
2021-07-05,284,2
2021-07-05,285,0
2021-07-05,286,0
2021-07-05,287,0
2021-07-05,288,1
2021-07-05,289,0
2021-07-05,290,0
2021-07-05,291,0
2021-07-05,292,0
2021-07-05,293,1
2021-07-05,294,0
2021-07-05,295,1
2021-07-05,296,0
2021-07-05,297,0
2021-07-05,298,0
2021-07-05,299,0
2021-07-05,300,1
2021-07-05,301,0
2021-07-05,302,0
2021-07-05,303,1
2021-07-05,304,0
2021-07-05,305,0
2021-07-05,306,1
2021-07-05,307,2
2021-07-05,308,0
2021-07-12,277,1
2021-07-12,278,0
2021-07-12,279,0
2021-07-12,280,0
2021-07-12,281,1
2021-07-12,282,1
2021-07-12,283,2
2021-07-12,284,4
2021-07-12,285,1
2021-07-12,286,1
2021-07-12,287,1
2021-07-12,288,1
2021-07-12,289,2
2021-07-12,290,0
2021-07-12,291,1
2021-07-12,292,0
2021-07-12,293,0
2021-07-12,294,0
2021-07-12,295,1
2021-07-12,296,0
2021-07-12,297,1
2021-07-12,298,2
2021-07-12,299,1
2021-07-12,300,0
2021-07-12,301,1
2021-07-12,302,0
2021-07-12,303,0
2021-07-12,304,1
2021-07-12,305,1
2021-07-12,306,2
2021-07-12,307,1
2021-07-12,308,0
2021-07-19,277,1
2021-07-19,278,2
2021-07-19,279,1
2021-07-19,280,2
2021-07-19,281,2
2021-07-19,282,0
2021-07-19,283,3
2021-07-19,284,2
2021-07-19,285,3
2021-07-19,286,3
2021-07-19,287,4
2021-07-19,288,0
2021-07-19,289,1
2021-07-19,290,2
2021-07-19,291,0
2021-07-19,292,1
2021-07-19,293,2
2021-07-19,294,4
2021-07-19,295,1
2021-07-19,296,0
2021-07-19,297,0
2021-07-19,298,1
2021-07-19,299,2
2021-07-19,300,1
2021-07-19,301,2
2021-07-19,302,1
2021-07-19,303,1
2021-07-19,304,2
2021-07-19,305,1
2021-07-19,306,2
2021-07-19,307,1
2021-07-19,308,3
2021-07-26,277,1
2021-07-26,278,2
2021-07-26,279,3
2021-07-26,280,2
2021-07-26,281,2
2021-07-26,282,1
2021-07-26,283,4
2021-07-26,284,5
2021-07-26,285,2
2021-07-26,286,2
2021-07-26,287,4
2021-07-26,288,1
2021-07-26,289,4
2021-07-26,290,1
2021-07-26,291,2
2021-07-26,292,2
2021-07-26,293,6
2021-07-26,294,0
2021-07-26,295,0
2021-07-26,296,1
2021-07-26,297,1
2021-07-26,298,2
2021-07-26,299,1
2021-07-26,300,2
2021-07-26,301,4
2021-07-26,302,0
2021-07-26,303,2
2021-07-26,304,1
2021-07-26,305,2
2021-07-26,306,2
2021-07-26,307,0
2021-07-26,308,3
2021-08-02,277,1
2021-08-02,278,4
2021-08-02,279,1
2021-08-02,280,7
2021-08-02,281,1
2021-08-02,282,3
2021-08-02,283,7
2021-08-02,284,3
2021-08-02,285,1
2021-08-02,286,3
2021-08-02,287,2
2021-08-02,288,0
2021-08-02,289,3
2021-08-02,290,7
2021-08-02,291,0
2021-08-02,292,5
2021-08-02,293,2
2021-08-02,294,0
2021-08-02,295,1
2021-08-02,296,1
2021-08-02,297,0
2021-08-02,298,3
2021-08-02,299,0
2021-08-02,300,3
2021-08-02,301,2
2021-08-02,302,0
2021-08-02,303,2
2021-08-02,304,0
2021-08-02,305,2
2021-08-02,306,1
2021-08-02,307,1
2021-08-02,308,0
2021-08-09,277,0
2021-08-09,278,4
2021-08-09,279,3
2021-08-09,280,10
2021-08-09,281,3
2021-08-09,282,2
2021-08-09,283,4
2021-08-09,284,7
2021-08-09,285,0
2021-08-09,286,1
2021-08-09,287,2
2021-08-09,288,2
2021-08-09,289,2
2021-08-09,290,6
2021-08-09,291,0
2021-08-09,292,5
2021-08-09,293,1
2021-08-09,294,0
2021-08-09,295,0
2021-08-09,296,0
2021-08-09,297,3
2021-08-09,298,5
2021-08-09,299,0
2021-08-09,300,4
2021-08-09,301,2
2021-08-09,302,0
2021-08-09,303,2
2021-08-09,304,2
2021-08-09,305,1
2021-08-09,306,2
2021-08-09,307,1
2021-08-09,308,2
2021-08-16,277,2
2021-08-16,278,2
2021-08-16,279,2
2021-08-16,280,2
2021-08-16,281,2
2021-08-16,282,6
2021-08-16,283,2
2021-08-16,284,4
2021-08-16,285,5
2021-08-16,286,0
2021-08-16,287,6
2021-08-16,288,2
2021-08-16,289,3
2021-08-16,290,0
2021-08-16,291,2
2021-08-16,292,3
2021-08-16,293,3
2021-08-16,294,4
2021-08-16,295,1
2021-08-16,296,0
2021-08-16,297,3
2021-08-16,298,6
2021-08-16,299,2
2021-08-16,300,4
2021-08-16,301,2
2021-08-16,302,0
2021-08-16,303,4
2021-08-16,304,0
2021-08-16,305,5
2021-08-16,306,5
2021-08-16,307,8
2021-08-16,308,2
2021-08-23,277,1
2021-08-23,278,8
2021-08-23,279,2
2021-08-23,280,5
2021-08-23,281,1
2021-08-23,282,0
2021-08-23,283,4
2021-08-23,284,2
2021-08-23,285,2
2021-08-23,286,0
2021-08-23,287,2
2021-08-23,288,2
2021-08-23,289,1
2021-08-23,290,0
2021-08-23,291,2
2021-08-23,292,2
2021-08-23,293,1
2021-08-23,294,3
2021-08-23,295,3
2021-08-23,296,0
2021-08-23,297,3
2021-08-23,298,5
2021-08-23,299,5
2021-08-23,300,8
2021-08-23,301,2
2021-08-23,302,0
2021-08-23,303,2
2021-08-23,304,0
2021-08-23,305,1
2021-08-23,306,2
2021-08-23,307,1
2021-08-23,308,2
2021-08-30,277,1
2021-08-30,278,4
2021-08-30,279,0
2021-08-30,280,5
2021-08-30,281,1
2021-08-30,282,1
2021-08-30,283,5
2021-08-30,284,6
2021-08-30,285,6
2021-08-30,286,3
2021-08-30,287,4
2021-08-30,288,1
2021-08-30,289,6
2021-08-30,290,2
2021-08-30,291,2
2021-08-30,292,4
2021-08-30,293,3
2021-08-30,294,4
2021-08-30,295,0
2021-08-30,296,3
2021-08-30,297,2
2021-08-30,298,2
2021-08-30,299,1
2021-08-30,300,5
2021-08-30,301,3
2021-08-30,302,1
2021-08-30,303,2
2021-08-30,304,2
2021-08-30,305,0
2021-08-30,306,3
2021-08-30,307,6
2021-08-30,308,3
2021-09-06,277,0
2021-09-06,278,1
2021-09-06,279,1
2021-09-06,280,1
2021-09-06,281,4
2021-09-06,282,0
2021-09-06,283,6
2021-09-06,284,4
2021-09-06,285,5
2021-09-06,286,1
2021-09-06,287,3
2021-09-06,288,3
2021-09-06,289,2
2021-09-06,290,0
2021-09-06,291,3
2021-09-06,292,4
2021-09-06,293,0
2021-09-06,294,1
2021-09-06,295,1
2021-09-06,296,1
2021-09-06,297,3
2021-09-06,298,0
2021-09-06,299,3
2021-09-06,300,1
2021-09-06,301,3
2021-09-06,302,3
2021-09-06,303,4
2021-09-06,304,2
2021-09-06,305,2
2021-09-06,306,4
2021-09-06,307,2
2021-09-06,308,3
2021-09-13,277,2
2021-09-13,278,1
2021-09-13,279,3
2021-09-13,280,3
2021-09-13,281,1
2021-09-13,282,1
2021-09-13,283,3
2021-09-13,284,3
2021-09-13,285,2
2021-09-13,286,2
2021-09-13,287,3
2021-09-13,288,3
2021-09-13,289,1
2021-09-13,290,4
2021-09-13,291,3
2021-09-13,292,4
2021-09-13,293,0
2021-09-13,294,5
2021-09-13,295,2
2021-09-13,296,1
2021-09-13,297,1
2021-09-13,298,2
2021-09-13,299,1
2021-09-13,300,4
2021-09-13,301,0
2021-09-13,302,0
2021-09-13,303,2
2021-09-13,304,1
2021-09-13,305,2
2021-09-13,306,5
2021-09-13,307,2
2021-09-13,308,2
2021-09-20,277,4
2021-09-20,278,6
2021-09-20,279,1
2021-09-20,280,2
2021-09-20,281,4
2021-09-20,282,2
2021-09-20,283,4
2021-09-20,284,4
2021-09-20,285,2
2021-09-20,286,1
2021-09-20,287,1
2021-09-20,288,1
2021-09-20,289,4
2021-09-20,290,4
2021-09-20,291,3
2021-09-20,292,4
2021-09-20,293,2
2021-09-20,294,0
2021-09-20,295,4
2021-09-20,296,4
2021-09-20,297,1
2021-09-20,298,2
2021-09-20,299,0
2021-09-20,300,4
2021-09-20,301,3
2021-09-20,302,4
2021-09-20,303,2
2021-09-20,304,1
2021-09-20,305,1
2021-09-20,306,2
2021-09-20,307,2
2021-09-20,308,0
2021-09-27,277,3
2021-09-27,278,2
2021-09-27,279,3
2021-09-27,280,3
2021-09-27,281,2
2021-09-27,282,1
2021-09-27,283,4
2021-09-27,284,5
2021-09-27,285,5
2021-09-27,286,2
2021-09-27,287,2
2021-09-27,288,0
2021-09-27,289,2
2021-09-27,290,2
2021-09-27,291,2
2021-09-27,292,2
2021-09-27,293,6
2021-09-27,294,4
2021-09-27,295,2
2021-09-27,296,2
2021-09-27,297,6
2021-09-27,298,3
2021-09-27,299,1
2021-09-27,300,3
2021-09-27,301,2
2021-09-27,302,1
2021-09-27,303,4
2021-09-27,304,4
2021-09-27,305,0
2021-09-27,306,1
2021-09-27,307,1
2021-09-27,308,2
2021-10-04,277,3
2021-10-04,278,3
2021-10-04,279,3
2021-10-04,280,4
2021-10-04,281,4
2021-10-04,282,2
2021-10-04,283,3
2021-10-04,284,1
2021-10-04,285,2
2021-10-04,286,2
2021-10-04,287,0
2021-10-04,288,1
2021-10-04,289,4
2021-10-04,290,4
2021-10-04,291,4
2021-10-04,292,2
2021-10-04,293,4
2021-10-04,294,0
2021-10-04,295,1
2021-10-04,296,3
2021-10-04,297,0
2021-10-04,298,2
2021-10-04,299,3
2021-10-04,300,0
2021-10-04,301,1
2021-10-04,302,0
2021-10-04,303,3
2021-10-04,304,0
2021-10-04,305,2
2021-10-04,306,2
2021-10-04,307,0
2021-10-04,308,2
2021-10-11,277,2
2021-10-11,278,3
2021-10-11,279,1
2021-10-11,280,2
2021-10-11,281,3
2021-10-11,282,0
2021-10-11,283,2
2021-10-11,284,5
2021-10-11,285,0
2021-10-11,286,1
2021-10-11,287,2
2021-10-11,288,1
2021-10-11,289,3
2021-10-11,290,2
2021-10-11,291,3
2021-10-11,292,3
2021-10-11,293,4
2021-10-11,294,0
2021-10-11,295,1
2021-10-11,296,1
2021-10-11,297,2
2021-10-11,298,1
2021-10-11,299,0
2021-10-11,300,2
2021-10-11,301,3
2021-10-11,302,2
2021-10-11,303,1
2021-10-11,304,0
2021-10-11,305,2
2021-10-11,306,1
2021-10-11,307,4
2021-10-11,308,0
2021-10-18,277,3
2021-10-18,278,2
2021-10-18,279,0
2021-10-18,280,3
2021-10-18,281,1
2021-10-18,282,0
2021-10-18,283,2
2021-10-18,284,3
2021-10-18,285,3
2021-10-18,286,2
2021-10-18,287,5
2021-10-18,288,0
2021-10-18,289,1
2021-10-18,290,4
2021-10-18,291,4
2021-10-18,292,0
2021-10-18,293,3
2021-10-18,294,1
2021-10-18,295,0
2021-10-18,296,1
2021-10-18,297,1
2021-10-18,298,3
2021-10-18,299,3
2021-10-18,300,6
2021-10-18,301,3
2021-10-18,302,1
2021-10-18,303,2
2021-10-18,304,1
2021-10-18,305,3
2021-10-18,306,2
2021-10-18,307,0
2021-10-18,308,2
2021-10-25,277,4
2021-10-25,278,8
2021-10-25,279,4
2021-10-25,280,5
2021-10-25,281,2
2021-10-25,282,0
2021-10-25,283,4
2021-10-25,284,4
2021-10-25,285,3
2021-10-25,286,1
2021-10-25,287,4
2021-10-25,288,2
2021-10-25,289,2
2021-10-25,290,4
2021-10-25,291,2
2021-10-25,292,3
2021-10-25,293,3
2021-10-25,294,3
2021-10-25,295,1
2021-10-25,296,0
2021-10-25,297,1
2021-10-25,298,2
2021-10-25,299,1
2021-10-25,300,4
2021-10-25,301,2
2021-10-25,302,3
2021-10-25,303,1
2021-10-25,304,3
2021-10-25,305,1
2021-10-25,306,4
2021-10-25,307,3
2021-10-25,308,1
2021-11-01,277,1
2021-11-01,278,1
2021-11-01,279,2
2021-11-01,280,5
2021-11-01,281,0
2021-11-01,282,4
2021-11-01,283,9
2021-11-01,284,4
2021-11-01,285,7
2021-11-01,286,1
2021-11-01,287,7
2021-11-01,288,2
2021-11-01,289,2
2021-11-01,290,3
2021-11-01,291,4
2021-11-01,292,4
2021-11-01,293,3
2021-11-01,294,1
2021-11-01,295,2
2021-11-01,296,1
2021-11-01,297,2
2021-11-01,298,3
2021-11-01,299,2
2021-11-01,300,6
2021-11-01,301,2
2021-11-01,302,1
2021-11-01,303,0
2021-11-01,304,4
2021-11-01,305,1
2021-11-01,306,2
2021-11-01,307,2
2021-11-01,308,3
2021-11-08,277,1
2021-11-08,278,5
2021-11-08,279,4
2021-11-08,280,3
2021-11-08,281,2
2021-11-08,282,2
2021-11-08,283,2
2021-11-08,284,4
2021-11-08,285,3
2021-11-08,286,2
2021-11-08,287,2
2021-11-08,288,1
2021-11-08,289,3
2021-11-08,290,0
2021-11-08,291,1
2021-11-08,292,1
2021-11-08,293,3
2021-11-08,294,1
2021-11-08,295,3
2021-11-08,296,4
2021-11-08,297,3
2021-11-08,298,2
2021-11-08,299,3
2021-11-08,300,3
2021-11-08,301,3
2021-11-08,302,4
2021-11-08,303,0
2021-11-08,304,3
2021-11-08,305,3
2021-11-08,306,1
2021-11-08,307,7
2021-11-08,308,2
2021-11-15,277,1
2021-11-15,278,0
2021-11-15,279,3
2021-11-15,280,5
2021-11-15,281,2
2021-11-15,282,0
2021-11-15,283,4
2021-11-15,284,5
2021-11-15,285,2
2021-11-15,286,2
2021-11-15,287,0
2021-11-15,288,3
2021-11-15,289,1
2021-11-15,290,4
2021-11-15,291,2
2021-11-15,292,0
2021-11-15,293,1
2021-11-15,294,2
2021-11-15,295,1
2021-11-15,296,0
2021-11-15,297,2
2021-11-15,298,2
2021-11-15,299,0
2021-11-15,300,1
2021-11-15,301,1
2021-11-15,302,1
2021-11-15,303,1
2021-11-15,304,2
2021-11-15,305,1
2021-11-15,306,1
2021-11-15,307,1
2021-11-15,308,1
2021-11-22,277,3
2021-11-22,278,6
2021-11-22,279,3
2021-11-22,280,3
2021-11-22,281,3
2021-11-22,282,1
2021-11-22,283,2
2021-11-22,284,0
2021-11-22,285,3
2021-11-22,286,0
2021-11-22,287,4
2021-11-22,288,1
2021-11-22,289,1
2021-11-22,290,2
2021-11-22,291,3
2021-11-22,292,0
2021-11-22,293,2
2021-11-22,294,3
2021-11-22,295,2
2021-11-22,296,3
2021-11-22,297,2
2021-11-22,298,2
2021-11-22,299,2
2021-11-22,300,3
2021-11-22,301,1
2021-11-22,302,1
2021-11-22,303,4
2021-11-22,304,2
2021-11-22,305,1
2021-11-22,306,4
2021-11-22,307,6
2021-11-22,308,2
2021-11-29,277,6
2021-11-29,278,3
2021-11-29,279,1
2021-11-29,280,6
2021-11-29,281,3
2021-11-29,282,1
2021-11-29,283,0
2021-11-29,284,4
2021-11-29,285,4
2021-11-29,286,0
2021-11-29,287,1
2021-11-29,288,4
2021-11-29,289,0
2021-11-29,290,2
2021-11-29,291,4
2021-11-29,292,4
2021-11-29,293,2
2021-11-29,294,2
2021-11-29,295,3
2021-11-29,296,0
2021-11-29,297,1
2021-11-29,298,6
2021-11-29,299,1
2021-11-29,300,4
2021-11-29,301,5
2021-11-29,302,0
2021-11-29,303,4
2021-11-29,304,0
2021-11-29,305,1
2021-11-29,306,6
2021-11-29,307,6
2021-11-29,308,3
2021-12-06,277,1
2021-12-06,278,2
2021-12-06,279,1
2021-12-06,280,2
2021-12-06,281,6
2021-12-06,282,2
2021-12-06,283,7
2021-12-06,284,5
2021-12-06,285,2
2021-12-06,286,3
2021-12-06,287,3
2021-12-06,288,3
2021-12-06,289,4
2021-12-06,290,3
2021-12-06,291,4
2021-12-06,292,5
2021-12-06,293,2
2021-12-06,294,3
2021-12-06,295,0
2021-12-06,296,1
2021-12-06,297,5
2021-12-06,298,4
2021-12-06,299,2
2021-12-06,300,4
2021-12-06,301,4
2021-12-06,302,1
2021-12-06,303,3
2021-12-06,304,2
2021-12-06,305,2
2021-12-06,306,4
2021-12-06,307,3
2021-12-06,308,5
2021-12-13,277,2
2021-12-13,278,2
2021-12-13,279,1
2021-12-13,280,4
2021-12-13,281,6
2021-12-13,282,2
2021-12-13,283,5
2021-12-13,284,9
2021-12-13,285,3
2021-12-13,286,2
2021-12-13,287,3
2021-12-13,288,2
2021-12-13,289,3
2021-12-13,290,1
2021-12-13,291,4
2021-12-13,292,3
2021-12-13,293,1
2021-12-13,294,3
2021-12-13,295,1
2021-12-13,296,2
2021-12-13,297,4
2021-12-13,298,5
2021-12-13,299,1
2021-12-13,300,5
2021-12-13,301,4
2021-12-13,302,1
2021-12-13,303,4
2021-12-13,304,4
2021-12-13,305,3
2021-12-13,306,6
2021-12-13,307,1
2021-12-13,308,3
2021-12-20,277,6
2021-12-20,278,2
2021-12-20,279,7
2021-12-20,280,8
2021-12-20,281,6
2021-12-20,282,1
2021-12-20,283,1
2021-12-20,284,6
2021-12-20,285,4
2021-12-20,286,5
2021-12-20,287,9
2021-12-20,288,6
2021-12-20,289,2
2021-12-20,290,4
2021-12-20,291,9
2021-12-20,292,1
2021-12-20,293,1
2021-12-20,294,1
2021-12-20,295,4
2021-12-20,296,2
2021-12-20,297,5
2021-12-20,298,8
2021-12-20,299,2
2021-12-20,300,5
2021-12-20,301,13
2021-12-20,302,2
2021-12-20,303,8
2021-12-20,304,4
2021-12-20,305,6
2021-12-20,306,6
2021-12-20,307,9
2021-12-20,308,0
2021-12-27,277,4
2021-12-27,278,10
2021-12-27,279,11
2021-12-27,280,6
2021-12-27,281,7
2021-12-27,282,4
2021-12-27,283,14
2021-12-27,284,10
2021-12-27,285,6
2021-12-27,286,15
2021-12-27,287,7
2021-12-27,288,2
2021-12-27,289,4
2021-12-27,290,5
2021-12-27,291,4
2021-12-27,292,2
2021-12-27,293,7
2021-12-27,294,4
2021-12-27,295,4
2021-12-27,296,1
2021-12-27,297,8
2021-12-27,298,6
2021-12-27,299,6
2021-12-27,300,7
2021-12-27,301,15
2021-12-27,302,3
2021-12-27,303,14
2021-12-27,304,5
2021-12-27,305,7
2021-12-27,306,3
2021-12-27,307,12
2021-12-27,308,5
2022-01-03,277,11
2022-01-03,278,14
2022-01-03,279,17
2022-01-03,280,8
2022-01-03,281,6
2022-01-03,282,5
2022-01-03,283,8
2022-01-03,284,8
2022-01-03,285,7
2022-01-03,286,14
2022-01-03,287,10
2022-01-03,288,8
2022-01-03,289,7
2022-01-03,290,7
2022-01-03,291,16
2022-01-03,292,6
2022-01-03,293,7
2022-01-03,294,1
2022-01-03,295,3
2022-01-03,296,6
2022-01-03,297,13
2022-01-03,298,15
2022-01-03,299,3
2022-01-03,300,9
2022-01-03,301,9
2022-01-03,302,2
2022-01-03,303,8
2022-01-03,304,8
2022-01-03,305,6
2022-01-03,306,4
2022-01-03,307,11
2022-01-03,308,7
2022-01-10,277,15
2022-01-10,278,14
2022-01-10,279,11
2022-01-10,280,14
2022-01-10,281,5
2022-01-10,282,4
2022-01-10,283,14
2022-01-10,284,8
2022-01-10,285,9
2022-01-10,286,5
2022-01-10,287,7
2022-01-10,288,6
2022-01-10,289,6
2022-01-10,290,7
2022-01-10,291,12
2022-01-10,292,6
2022-01-10,293,9
2022-01-10,294,2
2022-01-10,295,9
2022-01-10,296,2
2022-01-10,297,9
2022-01-10,298,12
2022-01-10,299,7
2022-01-10,300,14
2022-01-10,301,7
2022-01-10,302,10
2022-01-10,303,8
2022-01-10,304,8
2022-01-10,305,6
2022-01-10,306,8
2022-01-10,307,11
2022-01-10,308,3
2022-01-17,277,5
2022-01-17,278,12
2022-01-17,279,5
2022-01-17,280,11
2022-01-17,281,8
2022-01-17,282,3
2022-01-17,283,12
2022-01-17,284,7
2022-01-17,285,18
2022-01-17,286,8
2022-01-17,287,3
2022-01-17,288,3
2022-01-17,289,4
2022-01-17,290,6
2022-01-17,291,13
2022-01-17,292,3
2022-01-17,293,8
2022-01-17,294,3
2022-01-17,295,6
2022-01-17,296,7
2022-01-17,297,9
2022-01-17,298,13
2022-01-17,299,7
2022-01-17,300,6
2022-01-17,301,10
2022-01-17,302,6
2022-01-17,303,4
2022-01-17,304,6
2022-01-17,305,4
2022-01-17,306,13
2022-01-17,307,9
2022-01-17,308,3
2022-01-24,277,2
2022-01-24,278,9
2022-01-24,279,3
2022-01-24,280,8
2022-01-24,281,3
2022-01-24,282,1
2022-01-24,283,12
2022-01-24,284,1
2022-01-24,285,7
2022-01-24,286,4
2022-01-24,287,4
2022-01-24,288,3
2022-01-24,289,3
2022-01-24,290,7
2022-01-24,291,13
2022-01-24,292,4
2022-01-24,293,5
2022-01-24,294,3
2022-01-24,295,1
2022-01-24,296,7
2022-01-24,297,1
2022-01-24,298,6
2022-01-24,299,3
2022-01-24,300,6
2022-01-24,301,9
2022-01-24,302,5
2022-01-24,303,4
2022-01-24,304,7
2022-01-24,305,3
2022-01-24,306,6
2022-01-24,307,7
2022-01-24,308,6
2022-01-31,277,1
2022-01-31,278,3
2022-01-31,279,4
2022-01-31,280,2
2022-01-31,281,3
2022-01-31,282,3
2022-01-31,283,13
2022-01-31,284,10
2022-01-31,285,5
2022-01-31,286,5
2022-01-31,287,4
2022-01-31,288,1
2022-01-31,289,1
2022-01-31,290,4
2022-01-31,291,6
2022-01-31,292,3
2022-01-31,293,6
2022-01-31,294,3
2022-01-31,295,2
2022-01-31,296,3
2022-01-31,297,2
2022-01-31,298,3
2022-01-31,299,0
2022-01-31,300,5
2022-01-31,301,8
2022-01-31,302,6
2022-01-31,303,8
2022-01-31,304,8
2022-01-31,305,2
2022-01-31,306,6
2022-01-31,307,2
2022-01-31,308,2
2022-02-07,277,2
2022-02-07,278,4
2022-02-07,279,5
2022-02-07,280,1
2022-02-07,281,5
2022-02-07,282,0
2022-02-07,283,7
2022-02-07,284,5
2022-02-07,285,2
2022-02-07,286,1
2022-02-07,287,1
2022-02-07,288,1
2022-02-07,289,4
2022-02-07,290,2
2022-02-07,291,3
2022-02-07,292,6
2022-02-07,293,5
2022-02-07,294,1
2022-02-07,295,0
2022-02-07,296,2
2022-02-07,297,4
2022-02-07,298,5
2022-02-07,299,5
2022-02-07,300,1
2022-02-07,301,4
2022-02-07,302,3
2022-02-07,303,2
2022-02-07,304,2
2022-02-07,305,1
2022-02-07,306,10
2022-02-07,307,3
2022-02-07,308,1
2022-02-14,277,4
2022-02-14,278,3
2022-02-14,279,2
2022-02-14,280,1
2022-02-14,281,1
2022-02-14,282,2
2022-02-14,283,9
2022-02-14,284,2
2022-02-14,285,2
2022-02-14,286,0
2022-02-14,287,1
2022-02-14,288,2
2022-02-14,289,2
2022-02-14,290,0
2022-02-14,291,9
2022-02-14,292,3
2022-02-14,293,0
2022-02-14,294,2
2022-02-14,295,1
2022-02-14,296,1
2022-02-14,297,2
2022-02-14,298,4
2022-02-14,299,3
2022-02-14,300,2
2022-02-14,301,5
2022-02-14,302,1
2022-02-14,303,4
2022-02-14,304,1
2022-02-14,305,2
2022-02-14,306,3
2022-02-14,307,4
2022-02-14,308,2
2022-02-21,277,2
2022-02-21,278,3
2022-02-21,279,5
2022-02-21,280,2
2022-02-21,281,3
2022-02-21,282,2
2022-02-21,283,6
2022-02-21,284,7
2022-02-21,285,3
2022-02-21,286,2
2022-02-21,287,1
2022-02-21,288,3
2022-02-21,289,0
2022-02-21,290,0
2022-02-21,291,4
2022-02-21,292,0
2022-02-21,293,2
2022-02-21,294,2
2022-02-21,295,2
2022-02-21,296,1
2022-02-21,297,1
2022-02-21,298,2
2022-02-21,299,0
2022-02-21,300,5
2022-02-21,301,0
2022-02-21,302,0
2022-02-21,303,2
2022-02-21,304,5
2022-02-21,305,0
2022-02-21,306,2
2022-02-21,307,2
2022-02-21,308,1
2022-02-28,277,3
2022-02-28,278,2
2022-02-28,279,3
2022-02-28,280,6
2022-02-28,281,3
2022-02-28,282,0
2022-02-28,283,4
2022-02-28,284,4
2022-02-28,285,0
2022-02-28,286,3
2022-02-28,287,2
2022-02-28,288,0
2022-02-28,289,3
2022-02-28,290,3
2022-02-28,291,4
2022-02-28,292,2
2022-02-28,293,2
2022-02-28,294,1
2022-02-28,295,2
2022-02-28,296,2
2022-02-28,297,3
2022-02-28,298,2
2022-02-28,299,2
2022-02-28,300,4
2022-02-28,301,4
2022-02-28,302,2
2022-02-28,303,1
2022-02-28,304,3
2022-02-28,305,2
2022-02-28,306,0
2022-02-28,307,1
2022-02-28,308,0
2022-03-07,277,2
2022-03-07,278,3
2022-03-07,279,2
2022-03-07,280,2
2022-03-07,281,4
2022-03-07,282,0
2022-03-07,283,6
2022-03-07,284,4
2022-03-07,285,2
2022-03-07,286,2
2022-03-07,287,1
2022-03-07,288,2
2022-03-07,289,1
2022-03-07,290,3
2022-03-07,291,9
2022-03-07,292,1
2022-03-07,293,2
2022-03-07,294,1
2022-03-07,295,4
2022-03-07,296,2
2022-03-07,297,1
2022-03-07,298,2
2022-03-07,299,0
2022-03-07,300,0
2022-03-07,301,2
2022-03-07,302,1
2022-03-07,303,3
2022-03-07,304,2
2022-03-07,305,0
2022-03-07,306,5
2022-03-07,307,0
2022-03-07,308,2
2022-03-14,277,2
2022-03-14,278,4
2022-03-14,279,2
2022-03-14,280,4
2022-03-14,281,4
2022-03-14,282,0
2022-03-14,283,4
2022-03-14,284,2
2022-03-14,285,3
2022-03-14,286,5
2022-03-14,287,5
2022-03-14,288,2
2022-03-14,289,4
2022-03-14,290,2
2022-03-14,291,3
2022-03-14,292,1
2022-03-14,293,4
2022-03-14,294,0
2022-03-14,295,0
2022-03-14,296,2
2022-03-14,297,2
2022-03-14,298,2
2022-03-14,299,3
2022-03-14,300,3
2022-03-14,301,3
2022-03-14,302,2
2022-03-14,303,0
2022-03-14,304,4
2022-03-14,305,1
2022-03-14,306,6
2022-03-14,307,1
2022-03-14,308,0
2022-03-21,277,3
2022-03-21,278,2
2022-03-21,279,1
2022-03-21,280,4
2022-03-21,281,6
2022-03-21,282,0
2022-03-21,283,5
2022-03-21,284,9
2022-03-21,285,5
2022-03-21,286,3
2022-03-21,287,1
2022-03-21,288,1
2022-03-21,289,3
2022-03-21,290,2
2022-03-21,291,5
2022-03-21,292,2
2022-03-21,293,4
2022-03-21,294,1
2022-03-21,295,0
2022-03-21,296,4
2022-03-21,297,2
2022-03-21,298,5
2022-03-21,299,2
2022-03-21,300,2
2022-03-21,301,4
2022-03-21,302,1
2022-03-21,303,2
2022-03-21,304,4
2022-03-21,305,1
2022-03-21,306,5
2022-03-21,307,2
2022-03-21,308,2
2022-03-28,277,4
2022-03-28,278,7
2022-03-28,279,7
2022-03-28,280,6
2022-03-28,281,5
2022-03-28,282,4
2022-03-28,283,1
2022-03-28,284,3
2022-03-28,285,4
2022-03-28,286,5
2022-03-28,287,2
2022-03-28,288,0
2022-03-28,289,2
2022-03-28,290,8
2022-03-28,291,7
2022-03-28,292,3
2022-03-28,293,2
2022-03-28,294,3
2022-03-28,295,3
2022-03-28,296,4
2022-03-28,297,2
2022-03-28,298,4
2022-03-28,299,0
2022-03-28,300,2
2022-03-28,301,7
2022-03-28,302,2
2022-03-28,303,4
2022-03-28,304,6
2022-03-28,305,1
2022-03-28,306,3
2022-03-28,307,2
2022-03-28,308,2
2022-04-04,277,1
2022-04-04,278,7
2022-04-04,279,7
2022-04-04,280,5
2022-04-04,281,5
2022-04-04,282,5
2022-04-04,283,8
2022-04-04,284,11
2022-04-04,285,0
2022-04-04,286,6
2022-04-04,287,1
2022-04-04,288,2
2022-04-04,289,4
2022-04-04,290,2
2022-04-04,291,4
2022-04-04,292,6
2022-04-04,293,3
2022-04-04,294,2
2022-04-04,295,1
2022-04-04,296,5
2022-04-04,297,2
2022-04-04,298,2
2022-04-04,299,7
2022-04-04,300,2
2022-04-04,301,8
2022-04-04,302,1
2022-04-04,303,3
2022-04-04,304,1
2022-04-04,305,1
2022-04-04,306,4
2022-04-04,307,7
2022-04-04,308,4
2022-04-11,277,6
2022-04-11,278,5
2022-04-11,279,9
2022-04-11,280,6
2022-04-11,281,4
2022-04-11,282,5
2022-04-11,283,2
2022-04-11,284,6
2022-04-11,285,7
2022-04-11,286,6
2022-04-11,287,2
2022-04-11,288,0
2022-04-11,289,1
2022-04-11,290,3
2022-04-11,291,5
2022-04-11,292,6
2022-04-11,293,6
2022-04-11,294,2
2022-04-11,295,2
2022-04-11,296,2
2022-04-11,297,5
2022-04-11,298,4
2022-04-11,299,4
2022-04-11,300,4
2022-04-11,301,1
2022-04-11,302,4
2022-04-11,303,4
2022-04-11,304,7
2022-04-11,305,3
2022-04-11,306,4
2022-04-11,307,3
2022-04-11,308,4
2022-04-18,277,2
2022-04-18,278,3
2022-04-18,279,6
2022-04-18,280,0
2022-04-18,281,4
2022-04-18,282,2
2022-04-18,283,3
2022-04-18,284,4
2022-04-18,285,4
2022-04-18,286,2
2022-04-18,287,1
2022-04-18,288,0
2022-04-18,289,4
2022-04-18,290,4
2022-04-18,291,1
2022-04-18,292,1
2022-04-18,293,6
2022-04-18,294,3
2022-04-18,295,1
2022-04-18,296,2
2022-04-18,297,0
2022-04-18,298,0
2022-04-18,299,2
2022-04-18,300,3
2022-04-18,301,5
2022-04-18,302,2
2022-04-18,303,1
2022-04-18,304,7
2022-04-18,305,2
2022-04-18,306,0
2022-04-18,307,3
2022-04-18,308,2
2022-04-25,277,1
2022-04-25,278,4
2022-04-25,279,2
2022-04-25,280,2
2022-04-25,281,2
2022-04-25,282,3
2022-04-25,283,4
2022-04-25,284,3
2022-04-25,285,4
2022-04-25,286,4
2022-04-25,287,0
2022-04-25,288,1
2022-04-25,289,1
2022-04-25,290,0
2022-04-25,291,2
2022-04-25,292,5
2022-04-25,293,1
2022-04-25,294,2
2022-04-25,295,5
2022-04-25,296,0
2022-04-25,297,3
2022-04-25,298,1
2022-04-25,299,4
2022-04-25,300,2
2022-04-25,301,1
2022-04-25,302,1
2022-04-25,303,3
2022-04-25,304,4
2022-04-25,305,1
2022-04-25,306,0
2022-04-25,307,0
2022-04-25,308,1
2022-05-02,277,1
2022-05-02,278,0
2022-05-02,279,3
2022-05-02,280,5
2022-05-02,281,5
2022-05-02,282,2
2022-05-02,283,2
2022-05-02,284,1
2022-05-02,285,2
2022-05-02,286,2
2022-05-02,287,0
2022-05-02,288,2
2022-05-02,289,1
2022-05-02,290,1
2022-05-02,291,1
2022-05-02,292,2
2022-05-02,293,0
2022-05-02,294,1
2022-05-02,295,2
2022-05-02,296,3
2022-05-02,297,1
2022-05-02,298,0
2022-05-02,299,0
2022-05-02,300,1
2022-05-02,301,3
2022-05-02,302,1
2022-05-02,303,2
2022-05-02,304,1
2022-05-02,305,0
2022-05-02,306,1
2022-05-02,307,1
2022-05-02,308,0
2022-05-09,277,0
2022-05-09,278,5
2022-05-09,279,2
2022-05-09,280,0
2022-05-09,281,2
2022-05-09,282,0
2022-05-09,283,1
2022-05-09,284,0
2022-05-09,285,2
2022-05-09,286,0
2022-05-09,287,2
2022-05-09,288,3
2022-05-09,289,0
2022-05-09,290,2
2022-05-09,291,3
2022-05-09,292,2
2022-05-09,293,4
2022-05-09,294,1
2022-05-09,295,3
2022-05-09,296,1
2022-05-09,297,0
2022-05-09,298,0
2022-05-09,299,0
2022-05-09,300,1
2022-05-09,301,3
2022-05-09,302,1
2022-05-09,303,2
2022-05-09,304,1
2022-05-09,305,0
2022-05-09,306,0
2022-05-09,307,2
2022-05-09,308,2
2022-05-16,277,1
2022-05-16,278,1
2022-05-16,279,4
2022-05-16,280,0
2022-05-16,281,3
2022-05-16,282,0
2022-05-16,283,3
2022-05-16,284,4
2022-05-16,285,3
2022-05-16,286,3
2022-05-16,287,0
2022-05-16,288,1
2022-05-16,289,0
2022-05-16,290,0
2022-05-16,291,2
2022-05-16,292,2
2022-05-16,293,1
2022-05-16,294,0
2022-05-16,295,1
2022-05-16,296,2
2022-05-16,297,1
2022-05-16,298,0
2022-05-16,299,0
2022-05-16,300,1
2022-05-16,301,2
2022-05-16,302,0
2022-05-16,303,3
2022-05-16,304,1
2022-05-16,305,0
2022-05-16,306,2
2022-05-16,307,0
2022-05-16,308,0
2022-05-23,277,0
2022-05-23,278,1
2022-05-23,279,3
2022-05-23,280,1
2022-05-23,281,1
2022-05-23,282,0
2022-05-23,283,4
2022-05-23,284,1
2022-05-23,285,1
2022-05-23,286,1
2022-05-23,287,1
2022-05-23,288,0
2022-05-23,289,0
2022-05-23,290,3
2022-05-23,291,3
2022-05-23,292,5
2022-05-23,293,1
2022-05-23,294,0
2022-05-23,295,0
2022-05-23,296,0
2022-05-23,297,1
2022-05-23,298,1
2022-05-23,299,0
2022-05-23,300,1
2022-05-23,301,1
2022-05-23,302,0
2022-05-23,303,1
2022-05-23,304,0
2022-05-23,305,0
2022-05-23,306,1
2022-05-23,307,2
2022-05-23,308,1
2022-05-30,277,1
2022-05-30,278,1
2022-05-30,279,2
2022-05-30,280,2
2022-05-30,281,0
2022-05-30,282,0
2022-05-30,283,1
2022-05-30,284,1
2022-05-30,285,0
2022-05-30,286,1
2022-05-30,287,0
2022-05-30,288,0
2022-05-30,289,1
2022-05-30,290,1
2022-05-30,291,3
2022-05-30,292,2
2022-05-30,293,1
2022-05-30,294,0
2022-05-30,295,2
2022-05-30,296,0
2022-05-30,297,1
2022-05-30,298,0
2022-05-30,299,2
2022-05-30,300,0
2022-05-30,301,1
2022-05-30,302,0
2022-05-30,303,0
2022-05-30,304,1
2022-05-30,305,1
2022-05-30,306,2
2022-05-30,307,0
2022-05-30,308,0
2022-06-06,277,0
2022-06-06,278,3
2022-06-06,279,0
2022-06-06,280,2
2022-06-06,281,0
2022-06-06,282,2
2022-06-06,283,1
2022-06-06,284,1
2022-06-06,285,0
2022-06-06,286,3
2022-06-06,287,0
2022-06-06,288,1
2022-06-06,289,2
2022-06-06,290,0
2022-06-06,291,4
2022-06-06,292,3
2022-06-06,293,0
2022-06-06,294,0
2022-06-06,295,2
2022-06-06,296,0
2022-06-06,297,1
2022-06-06,298,2
2022-06-06,299,1
2022-06-06,300,2
2022-06-06,301,1
2022-06-06,302,0
2022-06-06,303,0
2022-06-06,304,0
2022-06-06,305,0
2022-06-06,306,0
2022-06-06,307,0
2022-06-06,308,1
2022-06-13,277,2
2022-06-13,278,0
2022-06-13,279,2
2022-06-13,280,2
2022-06-13,281,5
2022-06-13,282,4
2022-06-13,283,0
2022-06-13,284,0
2022-06-13,285,3
2022-06-13,286,0
2022-06-13,287,0
2022-06-13,288,0
2022-06-13,289,0
2022-06-13,290,0
2022-06-13,291,2
2022-06-13,292,5
2022-06-13,293,1
2022-06-13,294,1
2022-06-13,295,0
2022-06-13,296,1
2022-06-13,297,2
2022-06-13,298,1
2022-06-13,299,1
2022-06-13,300,0
2022-06-13,301,0
2022-06-13,302,1
2022-06-13,303,1
2022-06-13,304,0
2022-06-13,305,1
2022-06-13,306,2
2022-06-13,307,1
2022-06-13,308,2
2022-06-20,277,2
2022-06-20,278,3
2022-06-20,279,1
2022-06-20,280,2
2022-06-20,281,9
2022-06-20,282,2
2022-06-20,283,1
2022-06-20,284,2
2022-06-20,285,2
2022-06-20,286,3
2022-06-20,287,0
2022-06-20,288,0
2022-06-20,289,1
2022-06-20,290,1
2022-06-20,291,4
2022-06-20,292,3
2022-06-20,293,1
2022-06-20,294,0
2022-06-20,295,1
2022-06-20,296,1
2022-06-20,297,3
2022-06-20,298,3
2022-06-20,299,0
2022-06-20,300,0
2022-06-20,301,1
2022-06-20,302,1
2022-06-20,303,1
2022-06-20,304,0
2022-06-20,305,1
2022-06-20,306,0
2022-06-20,307,1
2022-06-20,308,0
2022-06-27,277,1
2022-06-27,278,2
2022-06-27,279,3
2022-06-27,280,3
2022-06-27,281,1
2022-06-27,282,0
2022-06-27,283,3
2022-06-27,284,2
2022-06-27,285,3
2022-06-27,286,5
2022-06-27,287,2
2022-06-27,288,2
2022-06-27,289,4
2022-06-27,290,1
2022-06-27,291,2
2022-06-27,292,5
2022-06-27,293,1
2022-06-27,294,3
2022-06-27,295,3
2022-06-27,296,2
2022-06-27,297,1
2022-06-27,298,3
2022-06-27,299,2
2022-06-27,300,2
2022-06-27,301,0
2022-06-27,302,0
2022-06-27,303,3
2022-06-27,304,1
2022-06-27,305,0
2022-06-27,306,3
2022-06-27,307,1
2022-06-27,308,1
2022-07-04,277,1
2022-07-04,278,5
2022-07-04,279,5
2022-07-04,280,3
2022-07-04,281,4
2022-07-04,282,2
2022-07-04,283,7
2022-07-04,284,2
2022-07-04,285,3
2022-07-04,286,3
2022-07-04,287,3
2022-07-04,288,1
2022-07-04,289,0
2022-07-04,290,3
2022-07-04,291,4
2022-07-04,292,5
2022-07-04,293,2
2022-07-04,294,3
2022-07-04,295,0
2022-07-04,296,2
2022-07-04,297,3
2022-07-04,298,1
2022-07-04,299,3
2022-07-04,300,5
2022-07-04,301,5
2022-07-04,302,3
2022-07-04,303,2
2022-07-04,304,3
2022-07-04,305,0
2022-07-04,306,3
2022-07-04,307,4
2022-07-04,308,5
2022-07-11,277,1
2022-07-11,278,10
2022-07-11,279,1
2022-07-11,280,5
2022-07-11,281,9
2022-07-11,282,4
2022-07-11,283,6
2022-07-11,284,8
2022-07-11,285,1
2022-07-11,286,2
2022-07-11,287,1
2022-07-11,288,2
2022-07-11,289,3
2022-07-11,290,5
2022-07-11,291,5
2022-07-11,292,3
2022-07-11,293,1
2022-07-11,294,6
2022-07-11,295,1
2022-07-11,296,3
2022-07-11,297,2
2022-07-11,298,4
2022-07-11,299,4
2022-07-11,300,3
2022-07-11,301,3
2022-07-11,302,2
2022-07-11,303,4
2022-07-11,304,1
2022-07-11,305,2
2022-07-11,306,0
2022-07-11,307,3
2022-07-11,308,1
2022-07-18,277,1
2022-07-18,278,6
2022-07-18,279,3
2022-07-18,280,6
2022-07-18,281,8
2022-07-18,282,2
2022-07-18,283,11
2022-07-18,284,9
2022-07-18,285,8
2022-07-18,286,5
2022-07-18,287,1
2022-07-18,288,1
2022-07-18,289,2
2022-07-18,290,4
2022-07-18,291,4
2022-07-18,292,10
2022-07-18,293,1
2022-07-18,294,3
2022-07-18,295,0
2022-07-18,296,5
2022-07-18,297,1
2022-07-18,298,4
2022-07-18,299,3
2022-07-18,300,3
2022-07-18,301,11
2022-07-18,302,1
2022-07-18,303,4
2022-07-18,304,3
2022-07-18,305,0
2022-07-18,306,1
2022-07-18,307,2
2022-07-18,308,1
2022-07-25,277,2
2022-07-25,278,6
2022-07-25,279,3
2022-07-25,280,4
2022-07-25,281,4
2022-07-25,282,4
2022-07-25,283,4
2022-07-25,284,3
2022-07-25,285,1
2022-07-25,286,5
2022-07-25,287,1
2022-07-25,288,2
2022-07-25,289,2
2022-07-25,290,6
2022-07-25,291,8
2022-07-25,292,1
2022-07-25,293,2
2022-07-25,294,5
2022-07-25,295,1
2022-07-25,296,1
2022-07-25,297,4
2022-07-25,298,2
2022-07-25,299,4
2022-07-25,300,1
2022-07-25,301,4
2022-07-25,302,2
2022-07-25,303,2
2022-07-25,304,4
2022-07-25,305,0
2022-07-25,306,2
2022-07-25,307,3
2022-07-25,308,1
2022-08-01,277,1
2022-08-01,278,3
2022-08-01,279,1
2022-08-01,280,3
2022-08-01,281,2
2022-08-01,282,0
2022-08-01,283,3
2022-08-01,284,1
2022-08-01,285,1
2022-08-01,286,0
2022-08-01,287,3
2022-08-01,288,5
2022-08-01,289,1
2022-08-01,290,0
2022-08-01,291,3
2022-08-01,292,2
2022-08-01,293,3
2022-08-01,294,0
2022-08-01,295,1
2022-08-01,296,2
2022-08-01,297,0
2022-08-01,298,1
2022-08-01,299,1
2022-08-01,300,2
2022-08-01,301,4
2022-08-01,302,1
2022-08-01,303,0
2022-08-01,304,0
2022-08-01,305,1
2022-08-01,306,0
2022-08-01,307,3
2022-08-01,308,1
